technique,classifier,type,p50_ms,p95_ms,p99_ms,mean_ms,model_size_mb,cpu_utilisation,auc_pr,auc_pr_std,within_budget
smote,decision_tree,data-level,0.0487,0.0525,0.0589,0.0496,0.0903,1.0739,0.3042,0.0587,True
none,decision_tree,untreated,0.0469,0.0508,0.063,0.0478,0.0177,1.006,0.575,0.0336,True
random_oversampling,logistic_regression,data-level,0.0542,0.0565,0.0645,0.0547,0.0008,1.0674,0.7269,0.0444,True
smote,logistic_regression,data-level,0.054,0.0566,0.065,0.0547,0.0008,1.0615,0.7275,0.0528,True
none,logistic_regression,untreated,0.0542,0.0579,0.07,0.0552,0.0008,1.0618,0.758,0.0276,True
random_undersampling,logistic_regression,data-level,0.0546,0.0585,0.0733,0.0558,0.0008,1.0786,0.4955,0.1568,True
smote_enn,logistic_regression,data-level,0.0539,0.0583,0.0782,0.0553,0.0008,1.0655,0.7275,0.0528,True
smote_tomek,decision_tree,data-level,0.0486,0.0532,0.0787,0.0501,0.0903,1.0719,0.3042,0.0587,True
random_oversampling,decision_tree,data-level,0.0471,0.055,0.0835,0.0494,0.0228,1.0358,0.5431,0.0605,True
soa_s,decision_tree,data-level,0.049,0.0625,0.0852,0.0517,0.088,1.0503,0.3252,0.042,True
smote_tomek,logistic_regression,data-level,0.0535,0.0611,0.0864,0.0553,0.0008,1.018,0.7275,0.0528,True
random_undersampling,decision_tree,data-level,0.0485,0.061,0.0971,0.0511,0.0058,1.0483,0.014,0.0022,True
smote_enn,decision_tree,data-level,0.0481,0.0641,0.1028,0.0504,0.0903,1.0386,0.3042,0.0587,True
adasyn,logistic_regression,data-level,0.0542,0.0674,0.1081,0.0571,0.0008,1.0266,0.7082,0.0467,True
random_undersampling,xgboost,data-level,0.0763,0.0902,0.1094,0.0786,0.1033,0.9996,0.715,0.0522,True
adasyn,decision_tree,data-level,0.0471,0.0607,0.11,0.0502,0.0862,0.9986,0.2825,0.0324,True
none,xgboost,untreated,0.0783,0.0946,0.136,0.0815,0.1611,0.9993,0.7847,0.0591,True
xgb_focal_loss,xgboost,algorithm-level,0.0784,0.0974,0.1384,0.0818,0.1748,0.9988,0.856,0.0359,True
smote_tomek,xgboost,data-level,0.0779,0.0933,0.141,0.0811,0.2765,0.9988,0.8511,0.0256,True
class_weight_balanced,decision_tree,algorithm-level,0.047,0.0728,0.1515,0.0523,0.0284,1.0053,0.5298,0.0793,True
class_weight_balanced,logistic_regression,algorithm-level,0.0543,0.0715,0.1588,0.0587,0.0009,1.0397,0.7279,0.0449,True
random_oversampling,xgboost,data-level,0.0799,0.1034,0.1606,0.0839,0.2027,0.9983,0.8611,0.0253,True
xgb_scale_pos_weight,xgboost,algorithm-level,0.079,0.0934,0.1622,0.0834,0.2041,0.9975,0.8592,0.0266,True
soa_s,logistic_regression,data-level,0.0538,0.0625,0.1738,0.0581,0.0008,1.054,0.7216,0.0528,True
smote_enn,xgboost,data-level,0.0778,0.098,0.2018,0.0826,0.2775,0.9978,0.8518,0.0218,True
soa_s,xgboost,data-level,0.0768,0.102,0.2049,0.0822,0.2771,0.9971,0.8485,0.0263,True
smote,xgboost,data-level,0.079,0.1177,0.2078,0.0859,0.2765,0.9945,0.8511,0.0256,True
adasyn,xgboost,data-level,0.0788,0.1151,0.2331,0.0855,0.2929,0.995,0.8449,0.0137,True
rusboost,adaboost,algorithm-level,0.1829,0.2276,0.3093,0.1898,0.0121,1.0343,0.0976,0.0375,True
lgbm_is_unbalance,lightgbm,algorithm-level,0.2512,0.3724,0.5334,0.271,0.1028,0.9946,0.0238,0.0158,True
smote,random_forest,data-level,3.3262,3.5254,3.6743,3.3533,10.6897,1.0053,0.8456,0.0269,True
soa_s,random_forest,data-level,3.3803,3.693,3.8365,3.4239,10.4615,0.9989,0.8439,0.0282,True
random_oversampling,random_forest,data-level,3.3173,3.6051,3.8458,3.3852,2.4782,1.004,0.8503,0.0289,True
adasyn,random_forest,data-level,3.5248,3.8281,3.9678,3.5497,9.7885,0.9956,0.8422,0.0202,True
random_undersampling,random_forest,data-level,3.474,3.9739,4.0902,3.5242,0.447,1.0229,0.7359,0.0442,True
smote_enn,random_forest,data-level,3.4417,3.9697,4.1547,3.5161,10.6362,1.0172,0.8498,0.0201,True
none,random_forest,untreated,3.4436,3.9242,4.2349,3.5076,1.6995,1.018,0.8446,0.0281,True
smote_tomek,random_forest,data-level,3.4878,3.9004,4.3308,3.5714,10.6897,0.9954,0.8456,0.0269,True
balanced_random_forest,random_forest,algorithm-level,3.6097,4.2746,5.1136,3.6837,1.8748,1.005,0.7451,0.0553,True
class_weight_balanced,random_forest,algorithm-level,3.4454,4.0405,7.2264,3.6224,3.3997,0.9804,0.848,0.0296,True
easy_ensemble,adaboost,algorithm-level,28.9189,30.9411,35.8737,29.2121,0.323,1.0041,0.7135,0.0174,True
