technique,classifier,run_id,auc_pr_mean,fit_seconds_mean,n_folds,model_size_mb,batch_size,n_trials,mean_ms,std_ms,min_ms,p50_ms,p95_ms,p99_ms,max_ms,per_record_ms,throughput_per_s,cpu_utilisation,peak_predict_mb
adasyn,decision_tree,1c43fb0bcbf6432ea695f60bb55e6568,0.28245439928111404,26.7479664834158,5,0.0861806869506836,1,1000,0.05020894834888168,0.01597821004035159,0.046083005145192146,0.04712500958703458,0.06074999691918492,0.11002800602000189,0.25366697809658945,0.05020894834888168,19916.768482211664,0.9986300335876509,0.00199127197265625
adasyn,decision_tree,1c43fb0bcbf6432ea695f60bb55e6568,0.28245439928111404,26.7479664834158,5,0.0861806869506836,100,100,0.05770549090811983,0.020554263907359465,0.05254201823845506,0.05366650293581188,0.062112478190101676,0.1875766707235017,0.2075420052278787,0.0005770549090811983,1732937.3414260107,0.9952712257565057,0.015148162841796875
adasyn,decision_tree,1c43fb0bcbf6432ea695f60bb55e6568,0.28245439928111404,26.7479664834158,5,0.0861806869506836,1000,100,0.10901835805270821,0.029404999427797358,0.09729200974106789,0.1000829943222925,0.14431248564505944,0.24528610258130387,0.30241700005717576,0.0001090183580527082,9172767.026233507,0.9976669425609782,0.13531112670898438
adasyn,decision_tree,1c43fb0bcbf6432ea695f60bb55e6568,0.28245439928111404,26.7479664834158,5,0.0861806869506836,10000,100,0.59657669859007,0.05918576801233155,0.5452499899547547,0.5712500133085996,0.7381336487014778,0.7638899949961343,0.7777500140946358,5.9657669859007e-05,16762304.031709041,0.9967148459841595,1.3369407653808594
adasyn,logistic_regression,7f4ca3ec792f47d3b926dfbe6c98dd79,0.7082047338871117,0.8677246083912905,5,0.00084686279296875,1,1000,0.057148404768668115,0.012997825564512696,0.052499992307275534,0.054208008805289865,0.0674252863973379,0.10813843167852605,0.23241699091158807,0.057148404768668115,17498.301204520318,1.0265526620503984,0.0016307830810546875
adasyn,logistic_regression,7f4ca3ec792f47d3b926dfbe6c98dd79,0.7082047338871117,0.8677246083912905,5,0.00084686279296875,100,100,0.06270965124713257,0.025749150339279814,0.05512498319149017,0.05654151027556509,0.0891541567398235,0.19037770485738328,0.2608340000733733,0.0006270965124713257,1594650.871297463,0.996865114736152,0.0042781829833984375
adasyn,logistic_regression,7f4ca3ec792f47d3b926dfbe6c98dd79,0.7082047338871117,0.8677246083912905,5,0.00084686279296875,1000,100,0.09337372059235349,0.027503828996149466,0.07854198338463902,0.08577099652029574,0.14269760722527275,0.1842254176153807,0.29316701693460345,9.337372059235349e-05,10709651.427147817,1.0488958862650695,0.03177452087402344
adasyn,logistic_regression,7f4ca3ec792f47d3b926dfbe6c98dd79,0.7082047338871117,0.8677246083912905,5,0.00084686279296875,10000,100,0.3228600008878857,0.042112778637418725,0.2521660062484443,0.3151044948026538,0.39418125234078616,0.43135823914781235,0.4750420048367232,3.228600008878857e-05,30973177.14334188,1.1262186456542065,0.30643272399902344
adasyn,random_forest,c3b8da7cb92d4b18934d996bb2fe692f,0.8421923431632731,29.89323980839108,5,9.788459777832031,1,1000,3.549682659766404,0.19580751435771998,3.2738340087234974,3.5247709893155843,3.828116340446286,3.9678375801304346,6.386500026565045,3.549682659766404,281.7153238328656,0.9956258071740874,0.014019012451171875
adasyn,random_forest,c3b8da7cb92d4b18934d996bb2fe692f,0.8421923431632731,29.89323980839108,5,9.788459777832031,100,100,4.587383420439437,0.2153025824060751,4.2747090046759695,4.548562501440756,5.019041999184992,5.052821194694843,5.055709014413878,0.04587383420439437,21798.919086301434,0.9971633384312433,0.028642654418945312
adasyn,random_forest,c3b8da7cb92d4b18934d996bb2fe692f,0.8421923431632731,29.89323980839108,5,9.788459777832031,1000,100,10.852683720586356,0.27604741663989646,10.337125015212223,10.811583488248289,11.357231260626577,11.513556266727393,11.791375000029802,0.010852683720586356,92143.10724849644,0.9963177145754569,0.1625385284423828
adasyn,random_forest,c3b8da7cb92d4b18934d996bb2fe692f,0.8421923431632731,29.89323980839108,5,9.788459777832031,10000,100,61.074042498948984,4.630157488075538,59.45962498662993,60.404415999073535,61.21658721531276,89.60382550460058,96.48358297999948,0.0061074042498948985,163735.6819826048,0.9907041801021803,1.501448631286621
adasyn,xgboost,f932007fc1c84f1ca21d01e31789af1e,0.8448768697649829,1.1090459914004895,5,0.29285717010498047,1,1000,0.08548589539714158,0.02702179280330585,0.07558398647233844,0.07881248893681914,0.11505205184221264,0.23308416886720798,0.34316600067541003,0.08548589539714158,11697.836179340497,0.9949776338849246,0.006920814514160156
adasyn,xgboost,f932007fc1c84f1ca21d01e31789af1e,0.8448768697649829,1.1090459914004895,5,0.29285717010498047,100,100,0.22897004091646522,0.054637351103604695,0.20012498134747148,0.21060400467831641,0.31896221480565146,0.49785206676460814,0.5203339969739318,0.0022897004091646522,436738.35930563003,0.9965170558626091,0.006936073303222656
adasyn,xgboost,f932007fc1c84f1ca21d01e31789af1e,0.8448768697649829,1.1090459914004895,5,0.29285717010498047,1000,100,1.197607420035638,0.09515613665883169,1.106125011574477,1.1499584943521768,1.4075121813220903,1.437595327734016,1.4676249993499368,0.0011976074200356378,834998.1665696781,0.9937925290929357,0.020061492919921875
adasyn,xgboost,f932007fc1c84f1ca21d01e31789af1e,0.8448768697649829,1.1090459914004895,5,0.29285717010498047,10000,100,10.568744589108974,0.1964865770212153,10.22395901964046,10.567021017777734,10.821124355425127,11.169174415699674,11.462750000646338,0.0010568744589108973,946186.1733611141,0.9966462538241718,0.15739059448242188
balanced_random_forest,random_forest,852ea700b7754180b2c5818b5cc43fb4,0.7451376335786554,0.9374238581978716,5,1.8748493194580078,1,1000,3.6837306337838527,0.3762872401874566,3.285374987171963,3.609687017160468,4.274648253340273,5.113618652685545,8.460709010250866,3.6837306337838527,271.46393138219787,1.0049615485377783,0.014028549194335938
balanced_random_forest,random_forest,852ea700b7754180b2c5818b5cc43fb4,0.7451376335786554,0.9374238581978716,5,1.8748493194580078,100,100,4.413031289295759,2.325495640566933,3.757833008421585,4.089520996785723,4.82323155592894,6.936772941844642,27.03604198177345,0.04413031289295759,22660.161110246336,0.9341663775853561,0.028802871704101562
balanced_random_forest,random_forest,852ea700b7754180b2c5818b5cc43fb4,0.7451376335786554,0.9374238581978716,5,1.8748493194580078,1000,100,7.111301670083776,0.2489123680214975,6.785833014873788,7.075000015902333,7.428743742639199,7.795636835217014,8.54762498056516,0.007111301670083776,140621.23172285833,0.9952097355058548,0.16269874572753906
balanced_random_forest,random_forest,852ea700b7754180b2c5818b5cc43fb4,0.7451376335786554,0.9374238581978716,5,1.8748493194580078,10000,100,35.251329600578174,2.0012336969607145,33.36708399001509,34.79593749216292,38.209624656883534,41.20170031703315,50.2882500004489,0.0035251329600578174,283677.2431935726,0.9840578072038244,1.501657485961914
class_weight_balanced,decision_tree,a0a5ddb6bed846cd9c1c8094eea38960,0.5298273662691569,4.661534816608764,5,0.028350830078125,1,1000,0.0522584909631405,0.022410919845691685,0.045833003241568804,0.046959001338109374,0.07277645781869059,0.15147042722674078,0.3497500147204846,0.0522584909631405,19135.64631449711,1.0053441187530034,0.00199127197265625
class_weight_balanced,decision_tree,a0a5ddb6bed846cd9c1c8094eea38960,0.5298273662691569,4.661534816608764,5,0.028350830078125,100,100,0.0641516424366273,0.043635117233339224,0.05041598342359066,0.052020521252416074,0.13119135255692518,0.3150791820371524,0.32291701063513756,0.000641516424366273,1558806.5433988816,0.9814818483051777,0.015104293823242188
class_weight_balanced,decision_tree,a0a5ddb6bed846cd9c1c8094eea38960,0.5298273662691569,4.661534816608764,5,0.028350830078125,1000,100,0.09580875950632617,0.035584623425713044,0.08020902168937027,0.08381249790545553,0.16522559744771567,0.2671610593097285,0.2747909747995436,9.580875950632617e-05,10437459.00847376,0.99012071660444,0.1352672576904297
class_weight_balanced,decision_tree,a0a5ddb6bed846cd9c1c8094eea38960,0.5298273662691569,4.661534816608764,5,0.028350830078125,10000,100,0.40543584793340415,0.03723577013927005,0.3725840069819242,0.3886874910676852,0.48036073421826586,0.5372796033043417,0.577333994442597,4.0543584793340415e-05,24664814.547041666,0.9982481967951007,1.3368968963623047
class_weight_balanced,logistic_regression,6464cef450f249259714dbebdf5dd395,0.7278881626531991,0.23017213320126756,5,0.0008563995361328125,1,1000,0.05870255979243666,0.018293729815694344,0.05254099960438907,0.054333009757101536,0.07152914186008272,0.15882414649240667,0.25687500601634383,0.05870255979243666,17035.032263258163,1.0397194488066497,0.001674652099609375
class_weight_balanced,logistic_regression,6464cef450f249259714dbebdf5dd395,0.7278881626531991,0.23017213320126756,5,0.0008563995361328125,100,100,0.06527749035740271,0.026147570781018325,0.05487501039169729,0.05689600948244333,0.11484409187687555,0.1841771753970536,0.23062500986270607,0.0006527749035740271,1531921.6387224302,0.9922444222057114,0.0042781829833984375
class_weight_balanced,logistic_regression,6464cef450f249259714dbebdf5dd395,0.7278881626531991,0.23017213320126756,5,0.0008563995361328125,1000,100,0.0896941902465187,0.03063649323318518,0.07595901843160391,0.08260399044957012,0.11728126846719532,0.27359042607713496,0.2825410047080368,8.96941902465187e-05,11148994.123828582,1.0497365681926296,0.03177452087402344
class_weight_balanced,logistic_regression,6464cef450f249259714dbebdf5dd395,0.7278881626531991,0.23017213320126756,5,0.0008563995361328125,10000,100,0.29125586937880144,0.04130522860985728,0.23216698900796473,0.2843749971361831,0.3705687471665442,0.44797800917876884,0.44995799544267356,2.9125586937880144e-05,34334072.03545211,1.144809914644964,0.30643272399902344
class_weight_balanced,random_forest,6fe2845e70cd4628b8c7ce43eb733415,0.8479536355328324,7.665606933407252,5,3.399749755859375,1,1000,3.622444425651338,0.9489700458298128,3.2744579948484898,3.4454165142960846,4.040549974888563,7.22639925923431,20.753290998982266,3.622444425651338,276.0566850712123,0.9803656012255734,0.014019012451171875
class_weight_balanced,random_forest,6fe2845e70cd4628b8c7ce43eb733415,0.8479536355328324,7.665606933407252,5,3.399749755859375,100,100,3.8832233397988603,0.09508107846566255,3.7729160103481263,3.861334000248462,4.011716663080733,4.294171770161484,4.389583977172151,0.0388322333979886,25751.80236869397,0.9994744067385435,0.028642654418945312
class_weight_balanced,random_forest,6fe2845e70cd4628b8c7ce43eb733415,0.8479536355328324,7.665606933407252,5,3.399749755859375,1000,100,7.6962258099229075,0.9150278424792117,7.1833749825600535,7.523270993260667,8.243112493073568,11.702229165239276,14.9176660052035,0.0076962258099229075,129933.81752269778,0.9840477388627392,0.1625385284423828
class_weight_balanced,random_forest,6fe2845e70cd4628b8c7ce43eb733415,0.8479536355328324,7.665606933407252,5,3.399749755859375,10000,100,38.50903963961173,2.8058495262479077,37.15358299086802,38.233375002164394,39.30089439236326,42.83303884498321,65.32641701051034,0.0038509039639611727,259679.28812521344,0.9959488951476357,1.5015411376953125
easy_ensemble,adaboost,1d7490e1d4994fa698d6fe32a00c3f13,0.7134945038646837,0.9193591748015024,5,0.322967529296875,1,1000,29.2120743849664,2.870981982776187,27.319292013999075,28.918854004587047,30.941053850983735,35.87366091524017,92.77570899575949,29.2120743849664,34.23242001994341,1.0040841792553823,0.017499923706054688
easy_ensemble,adaboost,1d7490e1d4994fa698d6fe32a00c3f13,0.7134945038646837,0.9193591748015024,5,0.322967529296875,100,100,30.20392128964886,0.9682313806084072,29.31033301865682,29.764291990431957,32.27816045109648,32.73629332805285,33.087082993006334,0.3020392128964886,3310.8283868515723,0.9987837147664554,0.05778312683105469
easy_ensemble,adaboost,1d7490e1d4994fa698d6fe32a00c3f13,0.7134945038646837,0.9193591748015024,5,0.322967529296875,1000,100,46.12624963832786,1.49646313071375,44.37066600075923,45.47981249925215,48.375444070552476,48.51145033986541,49.529500014614314,0.046126249638327864,21679.629448327534,0.9977924182923732,0.4247760772705078
easy_ensemble,adaboost,1d7490e1d4994fa698d6fe32a00c3f13,0.7134945038646837,0.9193591748015024,5,0.322967529296875,10000,100,204.23221339879092,12.115717500548172,193.50095800473355,201.48635399527848,213.10896905488332,254.67010831984246,295.2337079914287,0.020423221339879092,48963.872219676006,0.988285112692093,4.098329544067383
lgbm_is_unbalance,lightgbm,071010e6cee44cf29a65e43d1fa968c5,0.023761107885199535,0.8223827917943709,5,0.10283946990966797,1,1000,0.27102438363363035,0.05312927990735424,0.2432500186841935,0.25116650795098394,0.37242468533804607,0.5334324040450156,0.736541987862438,0.27102438363363035,3689.7049136058395,0.994588509017865,0.0072002410888671875
lgbm_is_unbalance,lightgbm,071010e6cee44cf29a65e43d1fa968c5,0.023761107885199535,0.8223827917943709,5,0.10283946990966797,100,100,0.44889250973938033,0.07547551805517355,0.3867080085910857,0.41474998579360545,0.607592289452441,0.6999515782808886,0.7281250145751983,0.0044889250973938035,222770.48030509212,0.9945286183028408,0.007701873779296875
lgbm_is_unbalance,lightgbm,071010e6cee44cf29a65e43d1fa968c5,0.023761107885199535,0.8223827917943709,5,0.10283946990966797,1000,100,1.7969037193688564,0.14707887282654233,1.6399589949287474,1.7734790017129853,2.040526445489377,2.3547828217851934,2.4528750218451023,0.0017969037193688565,556512.8444117415,0.9929917405609054,0.03211784362792969
lgbm_is_unbalance,lightgbm,071010e6cee44cf29a65e43d1fa968c5,0.023761107885199535,0.8223827917943709,5,0.10283946990966797,10000,100,14.514909631980117,0.241822680513069,14.094292011577636,14.492104499367997,14.904939255211502,15.099757421121467,15.257208986440673,0.0014514909631980117,688946.7625735266,0.996157724133637,0.3067760467529297
none,decision_tree,214d59a4129b4b51a77715d74151e321,0.5749863744196987,6.999758333200589,5,0.01765727996826172,1,1000,0.047827220463659614,0.006998784146160473,0.045791995944455266,0.04687500768341124,0.05080237606307491,0.06299673841567706,0.21425000159069896,0.047827220463659614,20908.595362756372,1.006032397819985,0.00199127197265625
none,decision_tree,214d59a4129b4b51a77715d74151e321,0.5749863744196987,6.999758333200589,5,0.01765727996826172,100,100,0.0553895509801805,0.015249177923382672,0.0516669824719429,0.05308300023898482,0.0587725851801224,0.07298891956452348,0.20395798492245376,0.000553895509801805,1805394.6679542866,1.0007465423500062,0.015148162841796875
none,decision_tree,214d59a4129b4b51a77715d74151e321,0.5749863744196987,6.999758333200589,5,0.01765727996826172,1000,100,0.09808995004277676,0.015624246958226696,0.0941669859457761,0.09564550418872386,0.10447290842421353,0.12025047821225665,0.24820800172165036,9.808995004277676e-05,10194724.327659488,0.999596028726574,0.13531112670898438
none,decision_tree,214d59a4129b4b51a77715d74151e321,0.5749863744196987,6.999758333200589,5,0.01765727996826172,10000,100,0.5245741398539394,0.018083997779845557,0.5124580056872219,0.5198955041123554,0.547135375381913,0.5558722701971426,0.6752919871360064,5.245741398539394e-05,19063082.299070947,0.9997193837153757,1.3369407653808594
none,logistic_regression,a014510221ef47deab3f9bf972aa6ac5,0.7579793738696463,0.2306894333974924,5,0.00084686279296875,1,1000,0.05516697047278285,0.007450317496342845,0.05299999611452222,0.054208008805289865,0.05792530137114226,0.07004807761404663,0.2451250038575381,0.05516697047278285,18126.788392220296,1.0617969066828892,0.001674652099609375
none,logistic_regression,a014510221ef47deab3f9bf972aa6ac5,0.7579793738696463,0.2306894333974924,5,0.00084686279296875,100,100,0.05798209924250841,0.01568008009979479,0.05483400309458375,0.05554150266107172,0.06191635911818593,0.08240875642513922,0.2094999945256859,0.0005798209924250842,1724670.2224725077,1.0007731075744277,0.0042781829833984375
none,logistic_regression,a014510221ef47deab3f9bf972aa6ac5,0.7579793738696463,0.2306894333974924,5,0.00084686279296875,1000,100,0.07979795045685023,0.018161239075682203,0.07483299123123288,0.07633351197000593,0.08540480193914844,0.11825975496321986,0.25129198911599815,7.979795045685024e-05,12531650.177415745,1.0377864587422554,0.03177452087402344
none,logistic_regression,a014510221ef47deab3f9bf972aa6ac5,0.7579793738696463,0.2306894333974924,5,0.00084686279296875,10000,100,0.2663770774961449,0.030385152285499085,0.2255830040667206,0.2629169903229922,0.3122895417618565,0.3961423411965371,0.4019170009996742,2.6637707749614492e-05,37540767.74922468,1.1325520106651175,0.30643272399902344
none,random_forest,4f0c3e3d6ef14bc3a5ff794d280fe58b,0.8445514519933044,12.957887141598622,5,1.699477195739746,1,1000,3.5076434829097707,0.27069028985136456,3.27091699000448,3.4436045098118484,3.924207993259188,4.23492208821699,8.391666982788593,3.5076434829097707,285.091687588058,1.0179534418370864,0.013975143432617188
none,random_forest,4f0c3e3d6ef14bc3a5ff794d280fe58b,0.8445514519933044,12.957887141598622,5,1.699477195739746,100,100,4.1197645795182325,0.20523928720371884,3.8615420053247362,4.073207994224504,4.482089882367291,4.58188958844403,4.892708995612338,0.04119764579518233,24273.23165434226,0.996823569695515,0.028642654418945312
none,random_forest,4f0c3e3d6ef14bc3a5ff794d280fe58b,0.8445514519933044,12.957887141598622,5,1.699477195739746,1000,100,8.123533378820866,0.22704452829361588,7.695707987295464,8.111708506476134,8.495985393528827,8.658083730551882,9.000499994726852,0.008123533378820866,123099.14336132762,0.9956782597396099,0.1625385284423828
none,random_forest,4f0c3e3d6ef14bc3a5ff794d280fe58b,0.8445514519933044,12.957887141598622,5,1.699477195739746,10000,100,44.109632900799625,2.326257226541033,42.75879100896418,43.95218749414198,45.20136814244324,46.15706623531888,66.08737498754635,0.004410963290079962,226707.8491106354,0.9944846441993732,1.5014972686767578
none,xgboost,b595f75810a444f3b9ad7053ae478e3e,0.7847257781787881,0.7163361497980076,5,0.16107749938964844,1,1000,0.0815279136004392,0.016783238562001684,0.07529102731496096,0.07833298877812922,0.09462499292567372,0.13603623810922724,0.4072909941896796,0.0815279136004392,12265.737657667874,0.9993377384297994,0.006920814514160156
none,xgboost,b595f75810a444f3b9ad7053ae478e3e,0.7847257781787881,0.7163361497980076,5,0.16107749938964844,100,100,0.1836871195700951,0.03466413243839393,0.17029198352247477,0.17349999689031392,0.21002469729864967,0.30347360006999313,0.47816699952818453,0.001836871195700951,544403.9856144619,1.0001331144778702,0.006936073303222656
none,xgboost,b595f75810a444f3b9ad7053ae478e3e,0.7847257781787881,0.7163361497980076,5,0.16107749938964844,1000,100,0.9693499497370794,0.03384179706646283,0.9447499760426581,0.957583004492335,1.0300985566573218,1.0485946433618671,1.1982500145677477,0.0009693499497370794,1031619.179710314,0.9995999924930838,0.020061492919921875
none,xgboost,b595f75810a444f3b9ad7053ae478e3e,0.7847257781787881,0.7163361497980076,5,0.16107749938964844,10000,100,8.944395751750562,0.16612496551031505,8.709249988896772,8.901749504730105,9.229172593040857,9.277974263532087,9.30433301255107,0.0008944395751750563,1118018.5087453045,1.0179218581327125,0.15739059448242188
random_oversampling,decision_tree,d999fb87ac454f9abde718cde26f6b9e,0.543127475830216,4.690467091806932,5,0.022848129272460938,1,1000,0.049409280210966244,0.010755485669656917,0.04587500006891787,0.047104491386562586,0.05500210972968489,0.0834846688667312,0.23933299235068262,0.049409280210966244,20239.112889931414,1.0358199697527863,0.00199127197265625
random_oversampling,decision_tree,d999fb87ac454f9abde718cde26f6b9e,0.543127475830216,4.690467091806932,5,0.022848129272460938,100,100,0.05526085034944117,0.022375301115400335,0.050332979299128056,0.05156249972060323,0.0608624963206239,0.12184992112452238,0.26370800333097577,0.0005526085034944118,1809599.3703978762,1.0046779302207995,0.015148162841796875
random_oversampling,decision_tree,d999fb87ac454f9abde718cde26f6b9e,0.543127475830216,4.690467091806932,5,0.022848129272460938,1000,100,0.09376417146995664,0.031961952117149216,0.08024999988265336,0.08502100536134094,0.1420378481270745,0.2758269899641164,0.2916659868787974,9.376417146995663e-05,10665054.512004238,0.9949015857607993,0.13531112670898438
random_oversampling,decision_tree,d999fb87ac454f9abde718cde26f6b9e,0.543127475830216,4.690467091806932,5,0.022848129272460938,10000,100,0.44225794030353427,0.05901169093482646,0.38075001793913543,0.41991600301116705,0.5748771101934835,0.5903216515434907,0.6221669900696725,4.422579403035343e-05,22611239.027470518,0.9907443125405729,1.3368968963623047
random_oversampling,logistic_regression,e163f881486744bbb346b37ae8ac7a3f,0.7268915311090647,0.3229399083997123,5,0.00084686279296875,1,1000,0.05472944545908831,0.006602142074765142,0.05324999801814556,0.05416598287411034,0.05645804631058127,0.064468149212189,0.25254199863411486,0.05472944545908831,18271.699842957958,1.0674299839073143,0.001674652099609375
random_oversampling,logistic_regression,e163f881486744bbb346b37ae8ac7a3f,0.7268915311090647,0.3229399083997123,5,0.00084686279296875,100,100,0.05910210922593251,0.01750814521156333,0.05508400499820709,0.056354503612965345,0.0630187612841837,0.0840795692056425,0.22808302310295403,0.0005910210922593251,1691986.9918301078,1.00077688791025,0.004322052001953125
random_oversampling,logistic_regression,e163f881486744bbb346b37ae8ac7a3f,0.7268915311090647,0.3229399083997123,5,0.00084686279296875,1000,100,0.08477122959448025,0.023293830474143438,0.07579199154861271,0.07910399290267378,0.11037944204872474,0.15960614051437066,0.2773329906631261,8.477122959448025e-05,11796455.056552742,1.042050003105122,0.031818389892578125
random_oversampling,logistic_regression,e163f881486744bbb346b37ae8ac7a3f,0.7268915311090647,0.3229399083997123,5,0.00084686279296875,10000,100,0.3031345797353424,0.032841516611898755,0.2429999876767397,0.3046249912586063,0.3605247111408971,0.3706467503798196,0.4017080063931644,3.031345797353424e-05,32988648.173133846,1.1383264968040125,0.3064765930175781
random_oversampling,random_forest,ece46d90810f48d692f660318ed17920,0.8503495083012298,11.271932641597232,5,2.478168487548828,1,1000,3.3851990932016633,0.374255936580485,3.2624170125927776,3.317291513667442,3.6051101065822873,3.845800597337074,12.552291998872533,3.3851990932016633,295.4036003401552,1.0039840449321924,0.013975143432617188
random_oversampling,random_forest,ece46d90810f48d692f660318ed17920,0.8503495083012298,11.271932641597232,5,2.478168487548828,100,100,3.9267004615976475,0.13104899373761458,3.7935410218778998,3.879333511576988,4.263522586552426,4.310866242158227,4.359499987913296,0.03926700461597647,25466.673859638693,0.9989879086807226,0.028642654418945312
random_oversampling,random_forest,ece46d90810f48d692f660318ed17920,0.8503495083012298,11.271932641597232,5,2.478168487548828,1000,100,7.608665428706445,0.19134787436944845,7.20500000170432,7.631791493622586,7.898191352433059,8.036535585124511,8.048375020734966,0.007608665428706445,131429.0934947853,0.9974856409446887,0.16269683837890625
random_oversampling,random_forest,ece46d90810f48d692f660318ed17920,0.8503495083012298,11.271932641597232,5,2.478168487548828,10000,100,38.640761720889714,0.5703093869136228,37.45729199727066,38.60512498067692,39.745147615030874,40.00645425840048,40.68670800188556,0.0038640761720889713,258794.07016435356,1.0019480887536167,1.5015411376953125
random_oversampling,xgboost,ad378aa6234d4cb28f513f05d12f2e5a,0.8611402151757301,0.8225406333978753,5,0.2026958465576172,1,1000,0.08394346060231328,0.017197266758016354,0.0754999928176403,0.07987499702721834,0.10342949826736002,0.16059198678703973,0.34012499963864684,0.08394346060231328,11912.780255004669,0.9983218085986721,0.006920814514160156
random_oversampling,xgboost,ad378aa6234d4cb28f513f05d12f2e5a,0.8611402151757301,0.8225406333978753,5,0.2026958465576172,100,100,0.19851790886605158,0.04079926455978456,0.1811669790185988,0.187312500202097,0.23332642740570006,0.44473792862845596,0.4682920116465539,0.0019851790886605157,503732.890252608,0.9980936531453468,0.006936073303222656
random_oversampling,xgboost,ad378aa6234d4cb28f513f05d12f2e5a,0.8611402151757301,0.8225406333978753,5,0.2026958465576172,1000,100,1.0792325568036176,0.07269642436548857,1.0047079995274544,1.0512294829823077,1.2394535631756298,1.27728181949351,1.3258749968372285,0.0010792325568036176,926584.3526456595,0.9959237896324428,0.020061492919921875
random_oversampling,xgboost,ad378aa6234d4cb28f513f05d12f2e5a,0.8611402151757301,0.8225406333978753,5,0.2026958465576172,10000,100,9.591521609690972,0.16702147002397644,9.304665989475325,9.597999989637174,9.862346152658574,9.944415433565155,10.059791995445266,0.0009591521609690972,1042587.4440919067,0.9971047930142696,0.15739059448242188
random_undersampling,decision_tree,d1a3a020294f404fbac3508be1ef9c4a,0.014016655857506435,0.004945983394281939,5,0.005755424499511719,1,1000,0.05105955162434839,0.012129290528815109,0.045791995944455266,0.04854198778048158,0.06101664912421255,0.09705488890176638,0.27187500381842256,0.05105955162434839,19584.974175980376,1.0482972233873185,0.00199127197265625
random_undersampling,decision_tree,d1a3a020294f404fbac3508be1ef9c4a,0.014016655857506435,0.004945983394281939,5,0.005755424499511719,100,100,0.05724287766497582,0.020142081786370423,0.0509160163346678,0.05291649722494185,0.06561040208907797,0.17686030420009058,0.19600000814534724,0.0005724287766497582,1746942.223716772,0.9989386447146703,0.015104293823242188
random_undersampling,decision_tree,d1a3a020294f404fbac3508be1ef9c4a,0.014016655857506435,0.004945983394281939,5,0.005755424499511719,1000,100,0.09644373087212443,0.032961561638467765,0.08120900020003319,0.0858750136103481,0.14524441940011457,0.24067966995062323,0.2749999985098839,9.644373087212443e-05,10368740.310616028,0.994852718602766,0.1352672576904297
random_undersampling,decision_tree,d1a3a020294f404fbac3508be1ef9c4a,0.014016655857506435,0.004945983394281939,5,0.005755424499511719,10000,100,0.4171841891366057,0.043990025711024,0.38537499494850636,0.39770849980413914,0.515977686154656,0.5655467507313007,0.5867079889867455,4.171841891366057e-05,23970227.684552852,0.9963530420036218,1.3368968963623047
random_undersampling,logistic_regression,40ff1126fe32459caf05498ddf6febdb,0.4954709017830293,0.0026672586041968315,5,0.00084686279296875,1,1000,0.05578350237919949,0.009690132285031749,0.053625000873580575,0.05462499393615872,0.058462162269279354,0.07333631976507604,0.2406249986961484,0.05578350237919949,17926.447020165575,1.0785593998572642,0.001674652099609375
random_undersampling,logistic_regression,40ff1126fe32459caf05498ddf6febdb,0.4954709017830293,0.0026672586041968315,5,0.00084686279296875,100,100,0.0620208284817636,0.026765624070106176,0.05545801832340658,0.05662499461323023,0.07401665498036887,0.1456547479028822,0.3054160042665899,0.000620208284817636,1612361.563815673,1.000005805394654,0.004322052001953125
random_undersampling,logistic_regression,40ff1126fe32459caf05498ddf6febdb,0.4954709017830293,0.0026672586041968315,5,0.00084686279296875,1000,100,0.08247830992331728,0.021653848419002576,0.07541599916294217,0.07772899698466063,0.10748510685516521,0.11407206271542324,0.28208299772813916,8.247830992331728e-05,12124399.747397006,1.0388698295470804,0.031818389892578125
random_undersampling,logistic_regression,40ff1126fe32459caf05498ddf6febdb,0.4954709017830293,0.0026672586041968315,5,0.00084686279296875,10000,100,0.2750954224029556,0.03461241804946078,0.22708301548846066,0.26868749409914017,0.3311872147605754,0.3859537749667654,0.43087502126581967,2.750954224029556e-05,36351022.901981086,1.1340076430646295,0.3064765930175781
random_undersampling,random_forest,50e5260402ad48ce9dc78b720bb36c8e,0.73592103041455,0.09133197501068935,5,0.44701576232910156,1,1000,3.524243998224847,0.21166175754078764,3.268958011176437,3.4739585098577663,3.973918769042939,4.090223249804694,4.5917920069769025,3.524243998224847,283.74879846676265,1.0228922274388614,0.0139312744140625
random_undersampling,random_forest,50e5260402ad48ce9dc78b720bb36c8e,0.73592103041455,0.09133197501068935,5,0.44701576232910156,100,100,3.8461733708390966,0.11738156691968363,3.7131249846424907,3.8047084963181987,4.148665255343076,4.218785086122807,4.226416989695281,0.03846173370839097,25999.868013797724,0.998877022460076,0.028598785400390625
random_undersampling,random_forest,50e5260402ad48ce9dc78b720bb36c8e,0.73592103041455,0.09133197501068935,5,0.44701576232910156,1000,100,6.791569181368686,0.14237322608589154,6.609083997318521,6.74539600731805,7.136100284697022,7.199450763873756,7.20279201050289,0.0067915691813686865,147241.37725686433,0.9993489507554775,0.1625385284423828
random_undersampling,random_forest,50e5260402ad48ce9dc78b720bb36c8e,0.73592103041455,0.09133197501068935,5,0.44701576232910156,10000,100,32.76020573772257,0.38735515937352055,32.15454099699855,32.59375000197906,33.505870516819414,33.62450122804148,33.624624978983775,0.0032760205737722573,305248.38824455993,0.998825264441252,1.5014972686767578
random_undersampling,xgboost,8382d5616f07459bbea22c09c11f9c36,0.7149969834008301,0.11827338319271803,5,0.10334205627441406,1,1000,0.07861425963346846,0.014904441965243324,0.07300000288523734,0.0763125135563314,0.09021313162520528,0.10938043764326721,0.3572499845176935,0.07861425963346846,12720.33858313244,0.9995882745490442,0.006920814514160156
random_undersampling,xgboost,8382d5616f07459bbea22c09c11f9c36,0.7149969834008301,0.11827338319271803,5,0.10334205627441406,100,100,0.13986037927679718,0.0230773427526399,0.13254099758341908,0.13454200234264135,0.158545516023878,0.1827254201634796,0.3535409923642874,0.0013986037927679717,714998.7760442889,1.000201539026887,0.006936073303222656
random_undersampling,xgboost,8382d5616f07459bbea22c09c11f9c36,0.7149969834008301,0.11827338319271803,5,0.10334205627441406,1000,100,0.6551216504885815,0.04605389825229859,0.6290409946814179,0.63720800972078,0.7243350861244835,0.8565983251901349,0.965333019848913,0.0006551216504885816,1526434.0588564163,0.9995166943820439,0.020061492919921875
random_undersampling,xgboost,8382d5616f07459bbea22c09c11f9c36,0.7149969834008301,0.11827338319271803,5,0.10334205627441406,10000,100,5.704291249276139,0.10947894103496317,5.57337500504218,5.66470850026235,5.916729793534614,5.998310836730525,6.041457992978394,0.0005704291249276138,1753066.1677327533,0.9984320710645264,0.15739059448242188
rusboost,adaboost,ee6cafa5ea014c019e9b8e98549ef97b,0.09764257471776705,0.07232291660038755,5,0.012082099914550781,1,1000,0.18982142565073445,0.025425401905487668,0.17283298075199127,0.18285450641997159,0.22756041435059154,0.3093149041524157,0.48658400191925466,0.18982142565073445,5268.10920617554,1.0342745636905561,0.0032672882080078125
rusboost,adaboost,ee6cafa5ea014c019e9b8e98549ef97b,0.09764257471776705,0.07232291660038755,5,0.012082099914550781,100,100,0.2012162798200734,0.033821617243441834,0.1865419908426702,0.19262499699834734,0.23324615758610875,0.3434836733504204,0.44908298877999187,0.002012162798200734,496977.6803816247,0.9971189641689397,0.017629623413085938
rusboost,adaboost,ee6cafa5ea014c019e9b8e98549ef97b,0.09764257471776705,0.07232291660038755,5,0.012082099914550781,1000,100,0.27508248924277723,0.02968673512680012,0.26216599508188665,0.2680835023056716,0.3003586578415706,0.39684459567070063,0.5052080086898059,0.0002750824892427772,3635273.1966062677,0.998950621808386,0.1516742706298828
rusboost,adaboost,ee6cafa5ea014c019e9b8e98549ef97b,0.09764257471776705,0.07232291660038755,5,0.012082099914550781,10000,100,1.0214245700626634,0.04605001310546554,0.9901669982355088,1.0059585038106889,1.0924059592070987,1.224524887802545,1.2352080084383488,0.00010214245700626634,9790248.14273511,0.9992525570555978,1.4991722106933594
smote,decision_tree,b082b30bc8024ea9b91a5485eba90fc2,0.30418366147688525,14.832551274594152,5,0.0903005599975586,1,1000,0.04962210348458029,0.007089778134674329,0.04795799031853676,0.04874999285675585,0.05250204267213121,0.058879601710941636,0.1982920221053064,0.04962210348458029,20152.309752663805,1.0739239692018865,0.00199127197265625
smote,decision_tree,b082b30bc8024ea9b91a5485eba90fc2,0.30418366147688525,14.832551274594152,5,0.0903005599975586,100,100,0.05593414098257199,0.014484628109702453,0.052624993259087205,0.053645489970222116,0.05946517921984194,0.07567427732283312,0.19608400180004537,0.0005593414098257199,1787816.8546676724,1.0007211987024054,0.015148162841796875
smote,decision_tree,b082b30bc8024ea9b91a5485eba90fc2,0.30418366147688525,14.832551274594152,5,0.0903005599975586,1000,100,0.10741796955699101,0.035016586254837424,0.09929199586622417,0.10164601553697139,0.1141166954766959,0.19135033886414146,0.4322500026319176,0.00010741796955699101,9309429.363859333,1.0691098271416979,0.13531112670898438
smote,decision_tree,b082b30bc8024ea9b91a5485eba90fc2,0.30418366147688525,14.832551274594152,5,0.0903005599975586,10000,100,0.5943191188271157,0.03235381972414246,0.5660000024363399,0.5845209961989895,0.6403645616956055,0.7528018148150296,0.7786249916534871,5.9431911882711574e-05,16825977.29606095,1.1294978130505167,1.3368968963623047
smote,logistic_regression,76fa1790d5be4610b7bee71103951481,0.7274637847461987,0.30156807500170546,5,0.00084686279296875,1,1000,0.05469487330992706,0.006132072172765542,0.05312499706633389,0.054042000556364655,0.05658811569446697,0.06504768738523126,0.21816600929014385,0.05469487330992706,18283.249223990817,1.0615496462456437,0.001674652099609375
smote,logistic_regression,76fa1790d5be4610b7bee71103951481,0.7274637847461987,0.30156807500170546,5,0.00084686279296875,100,100,0.06187375955050811,0.026757124378735668,0.05487501039169729,0.05614549445454031,0.07379103626590222,0.23273490194696944,0.25183300022035837,0.0006187375955050811,1616194.0170835925,0.9972696164447094,0.004322052001953125
smote,logistic_regression,76fa1790d5be4610b7bee71103951481,0.7274637847461987,0.30156807500170546,5,0.00084686279296875,1000,100,0.08161704143276438,0.02000756840261113,0.07508401176892221,0.07679150439798832,0.09893542301142587,0.16301332332659557,0.25095901219174266,8.161704143276438e-05,12252343.168109002,1.0368135581219526,0.03177452087402344
smote,logistic_regression,76fa1790d5be4610b7bee71103951481,0.7274637847461987,0.30156807500170546,5,0.00084686279296875,10000,100,0.2625683700898662,0.0313241461252707,0.22812499082647264,0.256791987339966,0.31037470762385055,0.3768444174784238,0.41500001680105925,2.6256837008986623e-05,38085318.48896124,1.1344181044755322,0.3064765930175781
smote,random_forest,774fd78b2fe94437b711206bcf00673c,0.8456298582988164,22.41732033340377,5,10.689650535583496,1,1000,3.353287874837406,0.08670412148117888,3.269000008003786,3.3262079959968105,3.5254107555374503,3.6743050086079165,4.325125017203391,3.353287874837406,298.2147782490902,1.0052968003866487,0.014019012451171875
smote,random_forest,774fd78b2fe94437b711206bcf00673c,0.8456298582988164,22.41732033340377,5,10.689650535583496,100,100,4.437873730494175,0.12311172203411486,4.2849170276895165,4.412333510117605,4.580193756555673,4.892843481793536,5.269290995784104,0.044378737304941754,22533.31349039185,0.999963207367762,0.028642654418945312
smote,random_forest,774fd78b2fe94437b711206bcf00673c,0.8456298582988164,22.41732033340377,5,10.689650535583496,1000,100,10.783427891437896,0.30191690428882945,10.362833010731265,10.684541499358602,11.479757982306182,11.643893352011219,11.64570901892148,0.010783427891437896,92734.89006162927,0.9996824299092641,0.1625385284423828
smote,random_forest,774fd78b2fe94437b711206bcf00673c,0.8456298582988164,22.41732033340377,5,10.689650535583496,10000,100,63.760262841242366,1.456021063380787,61.781124997651204,63.76649950107094,65.46931425400544,70.52827392559266,71.8507079873234,0.006376026284124236,156837.49649682516,0.9982626044800597,1.5015411376953125
smote,xgboost,27c7d9f5ebc34f399ccca4b7687842de,0.851097327648324,0.8839183414063883,5,0.2765016555786133,1,1000,0.08588808480999433,0.02676145570852016,0.07508398266509175,0.07897899195086211,0.11770209384849288,0.20776635326910758,0.502792012412101,0.08588808480999433,11643.05854778631,0.9945492668976027,0.006920814514160156
smote,xgboost,27c7d9f5ebc34f399ccca4b7687842de,0.851097327648324,0.8839183414063883,5,0.2765016555786133,100,100,0.22626051941188052,0.06209279331135567,0.19799999427050352,0.20429151481948793,0.3516732627758755,0.5108091872534716,0.5290420085657388,0.0022626051941188052,441968.4011153613,0.9926804942036732,0.006936073303222656
smote,xgboost,27c7d9f5ebc34f399ccca4b7687842de,0.851097327648324,0.8839183414063883,5,0.2765016555786133,1000,100,1.207285790296737,0.122626742635937,1.1015830095857382,1.1536459933267906,1.431153558951337,1.6176786567666572,1.7054580093827099,0.0012072857902967371,828304.2905310858,0.9929525435685991,0.020061492919921875
smote,xgboost,27c7d9f5ebc34f399ccca4b7687842de,0.851097327648324,0.8839183414063883,5,0.2765016555786133,10000,100,10.560652507119812,0.4863593229454916,10.169124987442046,10.495437993085943,10.937114553235006,12.004242143011664,14.556874986737967,0.0010560652507119813,946911.1869042343,0.9929042874495508,0.15739059448242188
smote_enn,decision_tree,940884367d5141ecbcd88ee9c6979102,0.30418366147688525,25.485534241597634,5,0.0903005599975586,1,1000,0.0503735423553735,0.012739930913169379,0.045500026317313313,0.04812501720152795,0.06409231427824123,0.10282476403517646,0.23741699988022447,0.0503735423553735,19851.691051330778,1.038603782639461,0.00199127197265625
smote_enn,decision_tree,940884367d5141ecbcd88ee9c6979102,0.30418366147688525,25.485534241597634,5,0.0903005599975586,100,100,0.05659953982103616,0.01892109978760263,0.05195799167267978,0.05314601003192365,0.06889375072205439,0.08861294278176578,0.2359169884584844,0.0005659953982103616,1766798.8170255995,1.0006645256981352,0.015148162841796875
smote_enn,decision_tree,940884367d5141ecbcd88ee9c6979102,0.30418366147688525,25.485534241597634,5,0.0903005599975586,1000,100,0.1101258720154874,0.023158160368880687,0.09941600728780031,0.10337549610994756,0.13932501169620082,0.22565124818356727,0.26537501253187656,0.0001101258720154874,9080518.335049972,0.9982740778962093,0.13531112670898438
smote_enn,decision_tree,940884367d5141ecbcd88ee9c6979102,0.30418366147688525,25.485534241597634,5,0.0903005599975586,10000,100,0.618572931853123,0.044291345026276,0.5737920000683516,0.602312502451241,0.7060743460897356,0.7591026733280161,0.7899590127635747,6.18572931853123e-05,16166242.46722527,0.9978365430091853,1.3368968963623047
smote_enn,logistic_regression,253c720b79854b16895584c87e078928,0.7274637847461987,0.7349484415957704,5,0.00084686279296875,1,1000,0.05526857663062401,0.009765213883794196,0.05283299833536148,0.05387500277720392,0.058336051006335765,0.07816039404133332,0.27683397638611495,0.05526857663062401,18093.463971096833,1.0654630626108645,0.001674652099609375
smote_enn,logistic_regression,253c720b79854b16895584c87e078928,0.7274637847461987,0.7349484415957704,5,0.00084686279296875,100,100,0.059230379993095994,0.01879495811998188,0.05512498319149017,0.05604099715128541,0.06655655743088573,0.08968976879259649,0.2405419945716858,0.00059230379993096,1688322.7832010565,1.0010831273037992,0.0042781829833984375
smote_enn,logistic_regression,253c720b79854b16895584c87e078928,0.7274637847461987,0.7349484415957704,5,0.00084686279296875,1000,100,0.07883207115810364,0.018530204032416914,0.07449998520314693,0.07585401181131601,0.08375204779440537,0.10653459350578566,0.25845799245871603,7.883207115810364e-05,12685192.527726753,1.0382765125463829,0.031818389892578125
smote_enn,logistic_regression,253c720b79854b16895584c87e078928,0.7274637847461987,0.7349484415957704,5,0.00084686279296875,10000,100,0.2793204001500271,0.02965631198753419,0.22837502183392644,0.2758954942692071,0.3279038428445346,0.3620798315387221,0.39879101677797735,2.7932040015002714e-05,35801180.274082564,1.1367617919376158,0.3064765930175781
smote_enn,random_forest,7dabbd8e77764e9eb4454b204086e18f,0.8497613109499949,54.418924424995204,5,10.636244773864746,1,1000,3.516053636849392,0.24544490561480675,3.287459025159478,3.4417284914525226,3.969666638295166,4.154696342593525,6.61920799757354,3.516053636849392,284.4097682468984,1.0171656683742993,0.013975143432617188
smote_enn,random_forest,7dabbd8e77764e9eb4454b204086e18f,0.8497613109499949,54.418924424995204,5,10.636244773864746,100,100,4.7033420170191675,0.24003008762877684,4.3687909783329815,4.695562485721894,5.1404687474132515,5.221700654074084,5.270374997053295,0.04703342017019167,21261.477400143845,0.9960376677233145,0.0286865234375
smote_enn,random_forest,7dabbd8e77764e9eb4454b204086e18f,0.8497613109499949,54.418924424995204,5,10.636244773864746,1000,100,11.30518289806787,1.072204766082971,10.577665991149843,11.171625010319985,11.58715900965035,16.468662497645727,19.801249989541247,0.011305182898067869,88455.00413539587,0.988889327073046,0.1625385284423828
smote_enn,random_forest,7dabbd8e77764e9eb4454b204086e18f,0.8497613109499949,54.418924424995204,5,10.636244773864746,10000,100,65.61389158072416,6.0829256526135955,61.88483300502412,63.862124996376224,74.35146663920023,98.81856606545627,101.09379098867066,0.006561389158072415,152406.7504470009,0.9753310826486248,1.5016117095947266
smote_enn,xgboost,915be53f0abf4675a314f3b178714881,0.8517929316467521,1.939039541396778,5,0.27753734588623047,1,1000,0.08259160991292447,0.023921342533233823,0.07512498996220529,0.07779098814353347,0.09796219237614423,0.20183383690891776,0.46233402099460363,0.08259160991292447,12107.767375575924,0.9978093077044667,0.006920814514160156
smote_enn,xgboost,915be53f0abf4675a314f3b178714881,0.8517929316467521,1.939039541396778,5,0.27753734588623047,100,100,0.20933003077516332,0.03435565977998798,0.19708299078047276,0.2012290060520172,0.24073127278825265,0.29267917008837796,0.5084169970359653,0.0020933003077516334,477714.54305764544,0.999818537613702,0.006936073303222656
smote_enn,xgboost,915be53f0abf4675a314f3b178714881,0.8517929316467521,1.939039541396778,5,0.27753734588623047,1000,100,1.138927428983152,0.06678049245209607,1.0895000013988465,1.1095204972662032,1.2865812590462156,1.4113721795729361,1.4276249858085066,0.0011389274289831518,878019.0682498638,0.9983994891567145,0.020061492919921875
smote_enn,xgboost,915be53f0abf4675a314f3b178714881,0.8517929316467521,1.939039541396778,5,0.27753734588623047,10000,100,10.37061295210151,0.19438853879095117,10.061875014798716,10.377916987636127,10.710144114273135,10.853962901746854,10.862665978493169,0.001037061295210151,964263.1584253263,0.9984520200913071,0.15739059448242188
smote_tomek,decision_tree,222c1e8757124505a63ee69c61eb2317,0.30418366147688525,14.300812066200887,5,0.0903005599975586,1,1000,0.050078795524314046,0.011306090685902846,0.046208995627239347,0.04858350439462811,0.05324999801814556,0.0786533177597448,0.29679201543331146,0.050078795524314046,19968.531381999477,1.0719221207791472,0.00199127197265625
smote_tomek,decision_tree,222c1e8757124505a63ee69c61eb2317,0.30418366147688525,14.300812066200887,5,0.0903005599975586,100,100,0.055891261145006865,0.016889353021062512,0.05199998850002885,0.0535420113010332,0.05907291197218,0.08077668200712723,0.21954099065624177,0.0005589126114500687,1789188.4697422623,1.0006599496536044,0.015148162841796875
smote_tomek,decision_tree,222c1e8757124505a63ee69c61eb2317,0.30418366147688525,14.300812066200887,5,0.0903005599975586,1000,100,0.10716964199673384,0.022759457712867675,0.09987500379793346,0.10220901458524168,0.12872887164121494,0.18391615070868347,0.30758301727473736,0.00010716964199673384,9331000.65810126,0.9995748782690932,0.13531112670898438
smote_tomek,decision_tree,222c1e8757124505a63ee69c61eb2317,0.30418366147688525,14.300812066200887,5,0.0903005599975586,10000,100,0.6167128507513553,0.03886161851601399,0.5783750093542039,0.6058329890947789,0.6931812502443789,0.7667576079256835,0.8087920141406357,6.167128507513554e-05,16215001.824295979,0.9990507868706477,1.3369407653808594
smote_tomek,logistic_regression,05ef677b45724744a9ad7e148baa50f7,0.7274637847461987,0.2920684250013437,5,0.00084686279296875,1,1000,0.0553199254500214,0.012005862507682315,0.05241698818281293,0.05345800309441984,0.06112709961598739,0.08638292725663631,0.2979580021928996,0.0553199254500214,18076.669335056256,1.0180237813667146,0.0016307830810546875
smote_tomek,logistic_regression,05ef677b45724744a9ad7e148baa50f7,0.7274637847461987,0.2920684250013437,5,0.00084686279296875,100,100,0.06381416926160455,0.025120368187578495,0.05487501039169729,0.05608299397863448,0.10144200787181032,0.1916366710793229,0.2299170009791851,0.0006381416926160455,1567050.0949413376,0.9937310428006334,0.0042781829833984375
smote_tomek,logistic_regression,05ef677b45724744a9ad7e148baa50f7,0.7274637847461987,0.2920684250013437,5,0.00084686279296875,1000,100,0.09169291181024164,0.031759281641327144,0.07616702350787818,0.08095899829640985,0.16396664286730808,0.22113841521786554,0.2761250070761889,9.169291181024164e-05,10905968.414107066,1.0518016691625707,0.03177452087402344
smote_tomek,logistic_regression,05ef677b45724744a9ad7e148baa50f7,0.7274637847461987,0.2920684250013437,5,0.00084686279296875,10000,100,0.4331242194166407,0.21823780434433282,0.24391699116677046,0.3412704827496782,0.9437645785510539,1.0654083185363563,1.1182079906575382,4.331242194166407e-05,23088064.69762563,0.984566872385997,0.30643272399902344
smote_tomek,random_forest,605538a715e84b05b7d70f6a1ef88710,0.8456298582988164,22.188984708389036,5,10.689650535583496,1,1000,3.5713739267084748,1.0120462534080552,3.277249983511865,3.4878124861279503,3.9004333346383646,4.330795841815416,34.687833016505465,3.5713739267084748,280.00428421160626,0.995410197238627,0.01483917236328125
smote_tomek,random_forest,605538a715e84b05b7d70f6a1ef88710,0.8456298582988164,22.188984708389036,5,10.689650535583496,100,100,4.750054971955251,0.27810599945768627,4.388249973999336,4.704313003458083,5.090110113087576,5.2977195868152265,6.7425830056890845,0.04750054971955251,21052.387938752065,1.031079231451453,0.0286865234375
smote_tomek,random_forest,605538a715e84b05b7d70f6a1ef88710,0.8456298582988164,22.188984708389036,5,10.689650535583496,1000,100,11.228855811059475,0.4334559503931764,10.535000008530915,11.129250007797964,11.959614913212135,12.248421244730713,13.292499992530793,0.011228855811059474,89056.268672992,0.996371005953821,0.1625823974609375
smote_tomek,random_forest,605538a715e84b05b7d70f6a1ef88710,0.8456298582988164,22.188984708389036,5,10.689650535583496,10000,100,63.731593289994635,1.1579055567847745,61.71862501651049,63.996812008554116,65.25725770625286,66.45776551129529,66.5377080149483,0.006373159328999464,156908.04958378346,0.9962676081894084,1.5016555786132812
smote_tomek,xgboost,a9f26b47420b44efad676e7a7705814e,0.851097327648324,1.1273475916066673,5,0.2765016555786133,1,1000,0.08108880106010474,0.01855418959442359,0.07437501335516572,0.07791700772941113,0.09330035827588289,0.14098147948971015,0.4939170030411333,0.08108880106010474,12332.159150543843,0.9988159690431742,0.006920814514160156
smote_tomek,xgboost,a9f26b47420b44efad676e7a7705814e,0.851097327648324,1.1273475916066673,5,0.2765016555786133,100,100,0.20623125979909673,0.02985681932472519,0.19629098824225366,0.1994379999814555,0.23087150038918478,0.272189487295692,0.4724169848486781,0.0020623125979909672,484892.54295113403,0.9998661799905046,0.006936073303222656
smote_tomek,xgboost,a9f26b47420b44efad676e7a7705814e,0.851097327648324,1.1273475916066673,5,0.2765016555786133,1000,100,1.1120412102900445,0.033349590570401655,1.0911670105997473,1.0996249911841005,1.1549708040547557,1.2282157762092545,1.3444169890135527,0.0011120412102900445,899247.2497841858,1.1461805965188894,0.020061492919921875
smote_tomek,xgboost,a9f26b47420b44efad676e7a7705814e,0.851097327648324,1.1273475916066673,5,0.2765016555786133,10000,100,10.297124118369538,0.618092680826012,10.059416003059596,10.183874997892417,10.644772602245212,10.838732488337001,16.195374977542087,0.0010297124118369538,971144.9415434855,1.0015448131775135,0.15739059448242188
soa_s,decision_tree,7324113094044a55b4198ca229b22fdf,0.32515855140689265,19.257952549803303,5,0.0880117416381836,1,1000,0.05166917163296603,0.012034515157973482,0.0463749747723341,0.04904199158772826,0.06247775309020652,0.08516473521012802,0.22116699256002903,0.05166917163296603,19353.900370293122,1.050335827852457,0.00199127197265625
soa_s,decision_tree,7324113094044a55b4198ca229b22fdf,0.32515855140689265,19.257952549803303,5,0.0880117416381836,100,100,0.05636671819956973,0.01885452680680857,0.0516669824719429,0.05306251114234328,0.06461425073212013,0.08510897925589311,0.23608299670740962,0.0005636671819956973,1774096.5448075943,1.0004211879923883,0.015104293823242188
soa_s,decision_tree,7324113094044a55b4198ca229b22fdf,0.32515855140689265,19.257952549803303,5,0.0880117416381836,1000,100,0.10331370955100283,0.01785145728668511,0.098082993645221,0.10054149606730789,0.10985481349052861,0.13635010225698424,0.27416698867455125,0.00010331370955100282,9679257.519122673,1.0002062125618323,0.1352672576904297
soa_s,decision_tree,7324113094044a55b4198ca229b22fdf,0.32515855140689265,19.257952549803303,5,0.0880117416381836,10000,100,0.5987641392857768,0.04463150310121415,0.56504100211896,0.5807295092381537,0.6996600757702254,0.765529084019363,0.7766250055283308,5.9876413928577673e-05,16701066.98762603,0.9988074003965379,1.3368968963623047
soa_s,logistic_regression,883bb1b5b4c84e34b6fecda56617aefe,0.7215821871671031,0.33965594180044717,5,0.00084686279296875,1,1000,0.05811050592456013,0.025357703199971274,0.05283299833536148,0.053750001825392246,0.06251700542634343,0.17375316616380584,0.3917499852832407,0.05811050592456013,17208.592217355912,1.0539514915796717,0.0016307830810546875
soa_s,logistic_regression,883bb1b5b4c84e34b6fecda56617aefe,0.7215821871671031,0.33965594180044717,5,0.00084686279296875,100,100,0.06214048858964816,0.022070545075838586,0.055374985095113516,0.057187993661500514,0.07508067355956882,0.1886761639616454,0.2267079835291952,0.0006214048858964816,1609256.7385551387,0.9969467162172619,0.004322052001953125
soa_s,logistic_regression,883bb1b5b4c84e34b6fecda56617aefe,0.7215821871671031,0.33965594180044717,5,0.00084686279296875,1000,100,0.08828248246572912,0.022805989822047828,0.07720902794972062,0.08304200309794396,0.10898988257395102,0.1453544863034047,0.2876669750548899,8.828248246572912e-05,11327275.491921013,1.0378140113062884,0.03177452087402344
soa_s,logistic_regression,883bb1b5b4c84e34b6fecda56617aefe,0.7215821871671031,0.33965594180044717,5,0.00084686279296875,10000,100,0.2680566383060068,0.032835267148634696,0.22708301548846066,0.26314549904782325,0.30551635136362165,0.4046665682108145,0.4665000014938414,2.680566383060068e-05,37305548.79444638,1.1351352050552554,0.3064765930175781
soa_s,random_forest,82d1225644d24774bf0db2aeb6c3bdd6,0.8439458034137063,25.931823158194312,5,10.461531639099121,1,1000,3.4238974023028277,0.141374193531646,3.277333016740158,3.3803334954427555,3.6929955589585006,3.8364603189984336,4.703457991126925,3.4238974023028277,292.0648262787971,0.9988879521259731,0.014019012451171875
soa_s,random_forest,82d1225644d24774bf0db2aeb6c3bdd6,0.8439458034137063,25.931823158194312,5,10.461531639099121,100,100,4.553270031756256,0.22469727612221838,4.279292013961822,4.479396011447534,5.037014913978055,5.1738866831874475,5.249292007647455,0.045532700317562555,21962.237974590033,0.9984335572231083,0.028642654418945312
soa_s,random_forest,82d1225644d24774bf0db2aeb6c3bdd6,0.8439458034137063,25.931823158194312,5,10.461531639099121,1000,100,10.765949991473462,0.31497731241872895,10.320875007892027,10.65722900966648,11.394868753268383,11.454445109702647,11.564542015548795,0.010765949991473463,92885.43981645755,0.998748932688232,0.1625823974609375
soa_s,random_forest,82d1225644d24774bf0db2aeb6c3bdd6,0.8439458034137063,25.931823158194312,5,10.461531639099121,10000,100,64.42480460915249,7.238412584446551,60.75800000689924,62.57677100074943,72.94543541065649,101.72426834120421,112.29433299740776,0.006442480460915249,155219.71794353495,0.9829605615870457,1.5015411376953125
soa_s,xgboost,ec18b5af0fb4429e8b35af79cba8d57a,0.8484676815751232,1.2319085335941053,5,0.2770853042602539,1,1000,0.08218517492059618,0.027171558556930674,0.07445798837579787,0.07683297735638916,0.10201249097008257,0.2048817518516443,0.49875001423060894,0.08218517492059618,12167.644602157961,0.9970565516815604,0.006920814514160156
soa_s,xgboost,ec18b5af0fb4429e8b35af79cba8d57a,0.8484676815751232,1.2319085335941053,5,0.2770853042602539,100,100,0.22103456198237836,0.04982667967965098,0.1963340037036687,0.20212450181134045,0.2997163566760718,0.45918475603684816,0.5229160015005618,0.0022103456198237837,452417.93456704903,0.9967861950693896,0.006936073303222656
soa_s,xgboost,ec18b5af0fb4429e8b35af79cba8d57a,0.8484676815751232,1.2319085335941053,5,0.2770853042602539,1000,100,1.1622917020577006,0.07495119186945184,1.0942080116365105,1.1334584996802732,1.3165149081032723,1.393120846478269,1.4917090011294931,0.0011622917020577006,860369.2156019162,0.998107459047652,0.020061492919921875
soa_s,xgboost,ec18b5af0fb4429e8b35af79cba8d57a,0.8484676815751232,1.2319085335941053,5,0.2770853042602539,10000,100,10.462893269141205,0.19779644080977296,10.164999985136092,10.425687491078861,10.806025296915323,11.094997831387447,11.338125012116507,0.0010462893269141205,955758.5786995991,0.9952986650225568,0.15739059448242188
xgb_focal_loss,xgboost,e7b954cf07b142618184545f7a265762,0.8560429437868231,1.6240637418057304,5,0.1747875213623047,1,1000,0.08181112704914995,0.017969158534158543,0.07495799218304455,0.07841599290259182,0.09742081310832869,0.13839584600646046,0.41679097921587527,0.08181112704914995,12223.27617365822,0.9988487473187692,0.006920814514160156
xgb_focal_loss,xgboost,e7b954cf07b142618184545f7a265762,0.8560429437868231,1.6240637418057304,5,0.1747875213623047,100,100,0.1840866604470648,0.030705255044887737,0.17233399557881057,0.17520801338832825,0.21020560379838568,0.2869583491701641,0.4437080060597509,0.0018408666044706478,543222.4136020741,0.9973139035648733,0.006936073303222656
xgb_focal_loss,xgboost,e7b954cf07b142618184545f7a265762,0.8560429437868231,1.6240637418057304,5,0.1747875213623047,1000,100,0.9922854296746664,0.046398612815275526,0.9588749962858856,0.9753749909577891,1.0694330703699961,1.1578560346970341,1.2756669893860817,0.0009922854296746664,1007774.5476196934,0.9993625647968587,0.020061492919921875
xgb_focal_loss,xgboost,e7b954cf07b142618184545f7a265762,0.8560429437868231,1.6240637418057304,5,0.1747875213623047,10000,100,8.908425431291107,0.12162282422482687,8.813958003884181,8.869354001944885,9.236341713403817,9.408274834277108,9.451916994294152,0.0008908425431291107,1122532.8288515168,1.0182800563853815,0.15739059448242188
xgb_scale_pos_weight,xgboost,46f34dade6cc47b38b062a74dd65d2c8,0.8592354068599386,0.5538177500013262,5,0.20408058166503906,1,1000,0.08340246378793381,0.038939668679406216,0.07524999091401696,0.07895848830230534,0.09340206161141393,0.16219614015426484,1.1961669952142984,0.08340246378793381,11990.05346583867,0.9975100253116906,0.006920814514160156
xgb_scale_pos_weight,xgboost,46f34dade6cc47b38b062a74dd65d2c8,0.8592354068599386,0.5538177500013262,5,0.20408058166503906,100,100,0.1875416885013692,0.02871548533503232,0.17987500177696347,0.1824169885367155,0.20183094748063013,0.2505115763051446,0.457874994026497,0.001875416885013692,533214.7790664149,1.0000801066727696,0.006936073303222656
xgb_scale_pos_weight,xgboost,46f34dade6cc47b38b062a74dd65d2c8,0.8592354068599386,0.5538177500013262,5,0.20408058166503906,1000,100,1.0383908412768506,0.056371042416130196,1.0083749948535115,1.0186459840042517,1.1005923035554586,1.3387097339727916,1.3554159959312528,0.0010383908412768506,963028.5247608275,0.9990818853424414,0.020061492919921875
xgb_scale_pos_weight,xgboost,46f34dade6cc47b38b062a74dd65d2c8,0.8592354068599386,0.5538177500013262,5,0.20408058166503906,10000,100,9.582996641111095,0.17249646997876325,9.290042013162747,9.577270990121178,9.809145797044039,9.94535699428525,10.360166983446106,0.0009582996641111094,1043514.9227852131,0.997295167841593,0.15739059448242188
