auc_pr,auc_roc,precision,recall,f1,mcc,balanced_accuracy,g_mean,specificity,brier,threshold,tp,fp,fn,tn,n_alerts,total_cost,precision_at_100,recall_at_100,technique,classifier,fold,seed,n_train,n_train_fraud,fit_seconds,inference_ms_per_record
0.7591291890809179,0.9677188213539344,0.847457627118644,0.7575757575757576,0.8,0.8009375280534969,0.8786710775835286,0.8702866114413198,0.9997663975912996,0.0006601919687660416,0.08769911794365301,50,9,16,38518,59,1645.0,0.52,0.7878787878787878,none,logistic_regression,0,42,154370,265,0.21993166700121947,0.047166511649265885
0.7694315461523937,0.966519347706567,0.803030303030303,0.803030303030303,0.803030303030303,0.8026928773288469,0.9013464386644234,0.8959683811201221,0.9996625742985439,0.0007490240691998266,0.06034516800887539,53,13,13,38514,66,1365.0,0.57,0.8636363636363636,none,logistic_regression,1,42,154370,265,0.313259916001698,0.045729000703431666
0.7295987618358547,0.9734356561686196,0.7671232876712328,0.835820895522388,0.8,0.8003752970586325,0.917689817537449,0.9140306782707068,0.99955873955251,0.0007355879339655529,0.05519290109073705,56,17,11,38509,73,1185.0,0.57,0.8507462686567164,none,logistic_regression,2,42,154370,264,0.21006362501066178,0.04364601045381278
0.7343052230644211,0.9791506404962254,0.7051282051282052,0.8333333333333334,0.7638888888888888,0.766125341109936,0.9163681669521881,0.9125983967820689,0.9994030005710429,0.0007452766236091193,0.09590193885273388,55,23,11,38503,78,1215.0,0.57,0.8636363636363636,none,logistic_regression,3,42,154371,265,0.21294270898215473,0.043666979763656855
0.7974321492146443,0.977988890619322,0.7971014492753623,0.8333333333333334,0.8148148148148148,0.8146923952946159,0.9164849711882884,0.9127050495839476,0.9996366090432435,0.0006340794257516241,0.07284032275225329,55,14,11,38512,69,1170.0,0.57,0.8636363636363636,none,logistic_regression,4,42,154371,265,0.197249249991728,0.044374988647177815
0.5876799833946412,0.8559308269446615,0.8245614035087719,0.7121212121212122,0.7642276422764228,0.765912961292354,0.8559308269446615,0.8437632222362522,0.9997404417681107,0.0007514316067680668,1.0,47,10,19,38517,57,1950.0,0.47,0.7121212121212122,none,decision_tree,0,42,154370,265,10.519393499998841,0.03612501313909888
0.6067536257033057,0.8710693641845821,0.8166666666666667,0.7424242424242424,0.7777777777777778,0.7783010629083637,0.8710693641845821,0.8615174228465722,0.9997144859449217,0.0007255201720519265,1.0,49,11,17,38516,60,1755.0,0.49,0.7424242424242424,none,decision_tree,1,42,154370,265,7.233987125015119,0.03820851270575076
0.53220767230324,0.8803114934593502,0.6986301369863014,0.7611940298507462,0.7285714285714285,0.7287511252893987,0.8803114934593501,0.8722152001542305,0.9994289570679541,0.0009846345192133289,1.0,51,22,16,38504,73,1710.0,0.51,0.7611940298507462,none,decision_tree,2,42,154370,264,6.396407499996712,0.03862500307150185
0.601665194948777,0.878619161557956,0.7936507936507936,0.7575757575757576,0.7751937984496124,0.7750279585559655,0.8786191615579562,0.8702414178888569,0.9996625655401546,0.0007514510779436153,1.0,50,13,16,38513,63,1665.0,0.5,0.7575757575757576,none,decision_tree,3,42,154371,265,4.70857433299534,0.035250006476417184
0.5466253957485301,0.8936408942249154,0.6933333333333334,0.7878787878787878,0.7375886524822695,0.7386220608181768,0.8936408942249154,0.8873603691242565,0.9994030005710429,0.0009587479270315091,1.0,52,23,14,38503,75,1515.0,0.52,0.7878787878787878,none,decision_tree,4,42,154371,265,6.140429207996931,0.037582998629659414
0.8111543672189551,0.9298486854162095,0.9803921568627451,0.7575757575757576,0.8547008547008547,0.8616155762587367,0.8787749008762843,0.8703769838830423,0.999974044176811,0.0004755447879149068,0.45,50,1,16,38526,51,1605.0,0.54,0.8181818181818182,none,random_forest,0,42,154370,265,13.312522041989723,2.5817290152190253
0.8790593667161153,0.9456758385107336,0.95,0.8636363636363636,0.9047619047619048,0.9056372747546968,0.9317792480833984,0.9292841946671112,0.9999221325304332,0.0003802788070375457,0.24,57,3,9,38524,60,915.0,0.58,0.8787878787878788,none,random_forest,1,42,154370,265,12.93546191698988,2.6256459968863055
0.8212789652910328,0.9462960078907751,0.8983050847457628,0.7910447761194029,0.8412698412698413,0.8427172131112439,0.8954445185689679,0.8893377196609145,0.999844261018533,0.000490762573523696,0.56,53,6,14,38520,59,1430.0,0.57,0.8507462686567164,none,random_forest,2,42,154370,264,12.656765500025358,2.7037920081056654
0.8502165052864696,0.9454728723144857,0.9629629629629629,0.7878787878787878,0.8666666666666667,0.8708397681113634,0.8939134374424828,0.887602324654538,0.9999480870061777,0.00042773113598673293,0.6,52,2,14,38524,54,1410.0,0.58,0.8787878787878788,none,random_forest,3,42,154371,265,12.803548458003206,2.675124997040257
0.8610480554539487,0.9681969987997087,0.9655172413793104,0.8484848484848485,0.9032258064516129,0.9049621260706419,0.9242164677455131,0.9211084632637737,0.9999480870061777,0.0003720848880597015,0.43,56,2,10,38524,58,1010.0,0.57,0.8636363636363636,none,random_forest,4,42,154371,265,13.08113779098494,2.6106250006705523
0.7905655672188489,0.9299070860183847,0.9803921568627451,0.7575757575757576,0.8547008547008547,0.8616155762587367,0.8787749008762843,0.8703769838830423,0.999974044176811,0.00047539033534212176,0.69132399559021,50,1,16,38526,51,1605.0,0.52,0.7878787878787878,none,xgboost,0,42,154370,265,0.5168242079962511,0.06108300294727087
0.84066768371259,0.948684551015384,0.98,0.7424242424242424,0.8448275862068966,0.8527736360594556,0.8711991433005267,0.861629254489351,0.999974044176811,0.0004386118644689706,0.49753493070602417,49,1,17,38526,50,1705.0,0.56,0.8484848484848485,none,xgboost,1,42,154370,265,0.5231040409998968,0.06285400013439357
0.6862413559137313,0.9032649786420646,0.8620689655172413,0.746268656716418,0.8,0.80176487092212,0.8730305023705642,0.8637787289322157,0.9997923480247106,0.0007258173352653538,0.9050036072731018,50,8,17,38518,58,1740.0,0.51,0.7611940298507462,none,xgboost,2,42,154370,264,0.5046853749954607,0.06312500045169145
0.8174847309609483,0.9447059758148373,0.9622641509433962,0.7727272727272727,0.8571428571428571,0.862100377731174,0.8863376798667252,0.8790262556608519,0.9999480870061777,0.0005422586624731714,0.9784339070320129,51,2,15,38524,53,1510.0,0.56,0.8484848484848485,none,xgboost,3,42,154371,265,1.4869678750110324,0.06883351306896657
0.7886695530878218,0.9315845733459813,0.9322033898305084,0.8333333333333334,0.88,0.8811932305472951,0.9166147536728444,0.9128235380822313,0.9998961740123553,0.00039486721312443604,0.6350506544113159,55,4,11,38522,59,1120.0,0.58,0.8787878787878788,none,xgboost,4,42,154371,265,0.5500992499873973,0.06506250065285712
0.4880231185951052,0.9592625321399948,0.6133333333333333,0.696969696969697,0.6524822695035462,0.6531857145989669,0.848108489048609,0.8345328482002622,0.9992472811275209,0.03147757083983531,0.9999904558715526,46,29,20,38498,75,2145.0,0.5,0.7575757575757576,random_undersampling,logistic_regression,0,42,530,265,0.0026016250194516033,0.043832988012582064
0.602000796101141,0.965320267329248,0.7346938775510204,0.5454545454545454,0.6260869565217392,0.6325108131387039,0.7725585598765446,0.7384243326651235,0.9996625742985439,0.03546052827859372,0.9999984757151179,36,13,30,38514,49,3065.0,0.48,0.7272727272727273,random_undersampling,logistic_regression,1,42,530,265,0.0028263340063858777,0.04212500061839819
0.30797707422355963,0.959478421628038,0.3387096774193548,0.6268656716417911,0.4397905759162304,0.4595634322014894,0.8123686194475372,0.7909054496072689,0.9978715672532835,0.03395239737193813,0.9999845392634557,42,82,25,38444,124,2910.0,0.36,0.5373134328358209,random_undersampling,logistic_regression,2,42,528,264,0.0025989169953390956,0.041083520045503974
0.3849813456503374,0.9796031094310179,0.4883720930232558,0.6363636363636364,0.5526315789473685,0.5566224551593296,0.8176107752497723,0.7972683704061785,0.9988579141359082,0.034788226070705815,0.999988223687171,42,44,24,38482,86,2620.0,0.44,0.6666666666666666,random_undersampling,logistic_regression,3,42,530,265,0.0027247919933870435,0.040915998397395015
0.6943721743450029,0.9836641213568484,0.6623376623376623,0.7727272727272727,0.7132867132867133,0.714883698129466,0.886026201903791,0.8787524014803668,0.9993251310803094,0.027631323381252477,0.9999803010408165,51,26,15,38500,77,1630.0,0.54,0.8181818181818182,random_undersampling,logistic_regression,4,42,530,265,0.002584625006420538,0.041749997762963176
0.012007245659939336,0.8782972744026032,0.01363310212867735,0.8636363636363636,0.02684247704261832,0.10058257071961166,0.8782972744026032,0.8781749028061243,0.8929581851688426,0.10709195968180758,1.0,57,4124,9,34403,4181,21520.0,0.02,0.030303030303030304,random_undersampling,decision_tree,0,42,530,265,0.004943125008139759,0.0363329891115427
0.013007505027941936,0.9177300688773162,0.013545474091593205,0.9545454545454546,0.02671189315242739,0.10603235643896454,0.9177300688773162,0.9169913340373888,0.880914683209178,0.11895939678179981,1.0,63,4588,3,33939,4651,23240.0,0.01,0.015151515151515152,random_undersampling,decision_tree,1,42,530,265,0.004633332981029525,0.03570850822143257
0.017456812356843827,0.914355376210367,0.019003115264797508,0.9104477611940298,0.037229173024107415,0.1249302165818162,0.9143553762103669,0.9143470263251725,0.9182629912267041,0.08175057652942243,1.0,61,3149,6,35377,3210,16345.0,0.02,0.029850746268656716,random_undersampling,decision_tree,2,42,528,264,0.004303041991079226,0.03645900869742036
0.012666538044308548,0.9045497019722218,0.013564598621303091,0.9242424242424242,0.0267367959675652,0.10419431359294197,0.9045497019722217,0.9043353139337332,0.8848569797020194,0.11507566334991708,1.0,61,4436,5,34090,4497,22680.0,0.0,0.0,random_undersampling,decision_tree,3,42,530,265,0.005522499996004626,0.03837500116787851
0.01494517819849853,0.9315987314352054,0.015358771298296136,0.9696969696969697,0.03023860146468226,0.1149239007531312,0.9315987314352054,0.9308193813264923,0.8935004931734413,0.10636919568822555,1.0,64,4103,2,34423,4167,20715.0,0.03,0.045454545454545456,random_undersampling,decision_tree,4,42,530,265,0.005327916995156556,0.03889550862368196
0.7317773155235946,0.9837848860028111,0.8793103448275862,0.7727272727272727,0.8225806451612904,0.8240185699775311,0.886272790982475,0.8789692118157629,0.9998183092376774,0.029277482963231672,0.94,51,7,15,38520,58,1535.0,0.53,0.803030303030303,random_undersampling,random_forest,0,42,530,265,0.10656087499228306,2.5534164888085797
0.7936291088031849,0.9650787995195814,0.8461538461538461,0.8333333333333334,0.8396946564885496,0.8394466813525596,0.916536887550722,0.9127524499045505,0.9997404417681107,0.03379783898634467,0.9,55,10,11,38517,65,1150.0,0.58,0.8787878787878788,random_undersampling,random_forest,1,42,530,265,0.10596779201296158,2.817000000504777
0.7192590912747704,0.9781289394795218,0.8153846153846154,0.7910447761194029,0.803030303030303,0.802785423245556,0.8953666490782344,0.8892684539012657,0.9996885220370659,0.027043033710776567,0.93,53,12,14,38514,65,1460.0,0.57,0.8507462686567164,random_undersampling,random_forest,2,42,528,264,0.08175687500624917,2.63116649875883
0.6755508604469503,0.9769056001535367,0.7536231884057971,0.7878787878787878,0.7703703703703704,0.7701590810558321,0.893718763715649,0.8874295060072549,0.99955873955251,0.03838314935737978,0.92,52,17,14,38509,69,1485.0,0.54,0.8181818181818182,random_undersampling,random_forest,3,42,530,265,0.08619170801830478,2.614791999803856
0.7593887760242497,0.9854382085927017,0.8088235294117647,0.8333333333333334,0.8208955223880597,0.8206758387783865,0.916497949436744,0.9127168991259715,0.9996625655401546,0.03140591832504146,0.89,55,13,11,38513,68,1165.0,0.56,0.8484848484848485,random_undersampling,random_forest,4,42,530,265,0.07618262502364814,2.5617500068619847
0.6878817835799703,0.9848166299745712,0.9,0.6818181818181818,0.7758620689655172,0.7830377687069466,0.8408442013511186,0.8256692413171938,0.9998702208840553,0.02340548044105755,0.999278724193573,45,5,21,38522,50,2125.0,0.52,0.7878787878787878,random_undersampling,xgboost,0,42,530,265,0.11388037499273196,0.059562502428889275
0.776150230585491,0.9616740640762755,0.7846153846153846,0.7727272727272727,0.7786259541984732,0.7782723747217275,0.8861819456013138,0.8788893433833261,0.9996366184753549,0.028116698091236035,0.9987086057662964,51,14,15,38513,65,1570.0,0.56,0.8484848484848485,random_undersampling,xgboost,1,42,530,265,0.10704366699792445,0.06139550532680005
0.6587682761510627,0.9748640383195376,0.7424242424242424,0.7313432835820896,0.7368421052631579,0.7364087858423436,0.8654510115672998,0.8549974097723965,0.99955873955251,0.022260391384438194,0.9990228414535522,49,17,18,38509,66,1885.0,0.53,0.7910447761194029,random_undersampling,xgboost,2,42,528,264,0.12164220798877068,0.06418749399017543
0.6873527787400512,0.9811072097709693,0.7575757575757576,0.7575757575757576,0.7575757575757576,0.7571604536251787,0.8785802268125893,0.8702075231637415,0.9995846960494211,0.03651155050435355,0.9991146922111511,50,16,16,38510,66,1680.0,0.54,0.8181818181818182,random_undersampling,xgboost,3,42,530,265,0.12902862500050105,0.0659999786876142
0.7648318479475752,0.9861233027990542,0.8524590163934426,0.7878787878787878,0.8188976377952756,0.819236869843256,0.8938225897032936,0.8875216801401937,0.9997663915277994,0.026273438846947772,0.9989405274391174,52,9,14,38517,61,1445.0,0.55,0.8333333333333334,random_undersampling,xgboost,4,42,530,265,0.11977204098366201,0.06297898653429002
0.7504328195574259,0.9705421070308032,0.9090909090909091,0.7575757575757576,0.8264462809917356,0.8296220710596415,0.8787229892299064,0.8703317988351789,0.9998702208840553,0.02041094732079492,0.9999948205859256,50,5,16,38522,55,1625.0,0.53,0.803030303030303,random_oversampling,logistic_regression,0,42,308210,154105,0.3005552089889534,0.04135399649385363
0.7768935211538547,0.9600878093363884,0.9433962264150944,0.7575757575757576,0.8403361344537815,0.8451663584499631,0.8787489450530954,0.8703543916523372,0.9999221325304332,0.02336634490910178,0.9999988484193151,50,3,16,38524,53,1615.0,0.56,0.8484848484848485,random_oversampling,logistic_regression,1,42,308210,154105,0.4854144580021966,0.045041495468467474
0.6790815917660381,0.9631799343106924,0.8064516129032258,0.746268656716418,0.7751937984496124,0.7754026381679536,0.8729785893767419,0.8637338771146019,0.9996885220370659,0.022986627620805323,0.9999986256464329,50,12,17,38514,62,1760.0,0.56,0.835820895522388,random_oversampling,logistic_regression,2,42,308212,154106,0.3231209169898648,0.04185449506621808
0.6808544608372834,0.9773391916360301,0.782608695652174,0.8181818181818182,0.8,0.7998479572150213,0.9088962353640753,0.9043579275786064,0.9996106525463323,0.023971880264463438,0.9999201352354699,54,15,12,38511,69,1275.0,0.56,0.8484848484848485,random_oversampling,logistic_regression,3,42,308212,154106,0.28304300000309013,0.04364599590189755
0.7471952622307211,0.9822046583259789,0.7571428571428571,0.803030303030303,0.7794117647058824,0.7793610918511659,0.9012945212914065,0.895921847885986,0.99955873955251,0.02324247838745734,0.9997986150682869,53,17,13,38509,70,1385.0,0.56,0.8484848484848485,random_oversampling,logistic_regression,4,42,308212,154106,0.22256595801445656,0.041541497921571136
0.5151899346046908,0.8331646204826052,0.7719298245614035,0.6666666666666666,0.7154471544715447,0.7169232945123604,0.8331646204826053,0.8163588158395971,0.9996625742985439,0.0009069002150649081,1.0,44,13,22,38514,57,2265.0,0.44,0.6666666666666666,random_oversampling,decision_tree,0,42,308210,154105,4.173861167015275,0.03829150227829814
0.6170683452444394,0.8484069810152818,0.8846153846153846,0.696969696969697,0.7796610169491526,0.7848890079651615,0.8484069810152817,0.8347820999736167,0.9998442650608664,0.000673697302619646,1.0,46,6,20,38521,52,2030.0,0.46,0.696969696969697,random_oversampling,decision_tree,1,42,308210,154105,4.346924167010002,0.036228986573405564
0.5977300874169303,0.8655288810580334,0.8166666666666667,0.7313432835820896,0.7716535433070866,0.7724564746336362,0.8655288810580333,0.8550640147822823,0.9997144785339771,0.0007514316067680668,1.0,49,11,18,38515,60,1855.0,0.49,0.7313432835820896,random_oversampling,decision_tree,2,42,308212,154106,4.560585083992919,0.035520512028597295
0.4799475633197648,0.8406625041884346,0.703125,0.6818181818181818,0.6923076923076923,0.6918708584508397,0.8406625041884347,0.8255191864512328,0.9995068265586876,0.0010364842454394694,1.0,45,19,21,38507,64,2195.0,0.45,0.6818181818181818,random_oversampling,decision_tree,3,42,308212,154106,5.767973833018914,0.03783300053328276
0.5057014485652546,0.8709136214976426,0.6805555555555556,0.7424242424242424,0.7101449275362319,0.7103008246329943,0.8709136214976427,0.8613831990325045,0.9994030005710429,0.0010364842454394694,1.0,49,23,17,38503,72,1815.0,0.49,0.7424242424242424,random_oversampling,decision_tree,4,42,308212,154106,4.6029912079975475,0.03566649684216827
0.8177358367183675,0.9294532523826268,0.9629629629629629,0.7878787878787878,0.8666666666666667,0.8708397731199161,0.893913438116205,0.8876023252525665,0.9999480883536221,0.00044316585909361794,0.37,52,2,14,38525,54,1410.0,0.54,0.8181818181818182,random_oversampling,random_forest,0,42,308210,154105,11.311343708977802,2.6777710008900613
0.8882526629864582,0.945538783898895,0.9824561403508771,0.8484848484848485,0.9105691056910569,0.9128819616323348,0.9242294463308298,0.9211204184916013,0.999974044176811,0.0003566138937112948,0.32,56,1,10,38526,57,1005.0,0.59,0.8939393939393939,random_oversampling,random_forest,1,42,308210,154105,11.75339229099336,2.5760624994290993
0.8276151663601841,0.9460027382167189,0.9298245614035088,0.7910447761194029,0.8548387096774194,0.8574082900513261,0.8954704750658791,0.8893608070486642,0.9998961740123553,0.00045677195346306324,0.59,53,4,14,38522,57,1420.0,0.58,0.8656716417910447,random_oversampling,random_forest,2,42,308212,154106,11.271818999986863,2.680375488125719
0.8495064651330011,0.9452846877118798,0.8636363636363636,0.8636363636363636,0.8636363636363636,0.8634027551641631,0.9317013775820815,0.9292118223876178,0.9997663915277994,0.0004134457918739635,0.18,57,9,9,38517,66,945.0,0.58,0.8787878787878788,random_oversampling,random_forest,3,42,308212,154106,11.265696083020885,2.6714375126175582
0.8686374103081379,0.9606025604117802,0.9454545454545454,0.7878787878787878,0.859504132231405,0.862869492559252,0.8939004591940272,0.8875908044582346,0.9999221305092665,0.000421468179933665,0.48,52,3,14,38523,55,1415.0,0.59,0.8939393939393939,random_oversampling,random_forest,4,42,308212,154106,10.75741212500725,2.6897499919869006
0.8468709592814525,0.986159253919526,0.9629629629629629,0.7878787878787878,0.8666666666666667,0.8708397731199161,0.893913438116205,0.8876023252525665,0.9999480883536221,0.0004147142811046487,0.8040845394134521,52,2,14,38525,54,1410.0,0.54,0.8181818181818182,random_oversampling,xgboost,0,42,308210,154105,0.7996731669991277,0.06495851266663522
0.8806754152790781,0.9621611290311163,0.9655172413793104,0.8484848484848485,0.9032258064516129,0.9049621299461296,0.9242164684192353,0.9211084638843772,0.9999480883536221,0.00032386519262320716,0.12893901765346527,56,2,10,38525,58,1010.0,0.58,0.8787878787878788,random_oversampling,xgboost,1,42,308210,154105,0.8221644579898566,0.06322898843791336
0.8233785953823464,0.9711001525622162,0.9152542372881356,0.8059701492537313,0.8571428571428571,0.8586483263869338,0.9029201833845877,0.89770014394857,0.9998702175154441,0.0005605914760303308,0.9670758247375488,54,5,13,38521,59,1325.0,0.58,0.8656716417910447,random_oversampling,xgboost,2,42,308212,154106,0.8564943750097882,0.06410400965251029
0.8807752928950251,0.9746090400972818,0.9166666666666666,0.8333333333333334,0.873015873015873,0.8738032164945324,0.9166017754243887,0.9128116899245267,0.9998702175154441,0.00041445720806796186,0.668703019618988,55,5,11,38521,60,1125.0,0.58,0.8787878787878788,random_oversampling,xgboost,3,42,308212,154106,0.852229250012897,0.0645835098112002
0.8740008130407491,0.9813644150585437,0.9482758620689655,0.8333333333333334,0.8870967741935484,0.8887734134019291,0.9166277319212999,0.9128353860861527,0.9999221305092665,0.0003727974425020893,0.5601025819778442,55,3,11,38523,58,1115.0,0.57,0.8636363636363636,random_oversampling,xgboost,4,42,308212,154106,0.7821419169777073,0.06414599192794412
0.7557843536174202,0.9640472521828454,0.9433962264150944,0.7575757575757576,0.8403361344537815,0.8451663584499631,0.8787489450530954,0.8703543916523372,0.9999221325304332,0.021586835086052476,0.999999212675147,50,3,16,38524,53,1615.0,0.53,0.803030303030303,smote,logistic_regression,0,42,308210,154105,0.2596405830117874,0.04233350045979023
0.7804484351012853,0.9617712017782098,0.9433962264150944,0.7575757575757576,0.8403361344537815,0.8451663584499631,0.8787489450530954,0.8703543916523372,0.9999221325304332,0.02455290371287177,0.9999996215589808,50,3,16,38524,53,1615.0,0.57,0.8636363636363636,smote,logistic_regression,1,42,308210,154105,0.37538154202047735,0.04545800038613379
0.6890208410536114,0.9587731409918171,0.7846153846153846,0.7611940298507462,0.7727272727272727,0.7724269964179978,0.8804153194469948,0.8723058057951704,0.9996366090432435,0.024065131946262266,0.9999973303432329,51,14,16,38512,65,1670.0,0.56,0.835820895522388,smote,logistic_regression,2,42,308212,154106,0.31565524998586625,0.0441250012954697
0.6552248031239055,0.9777055321947083,0.8387096774193549,0.7878787878787878,0.8125,0.8125870294228303,0.8938096114548381,0.8875101588970958,0.9997404350308883,0.0250763273462306,0.9999984736436435,52,10,14,38516,62,1450.0,0.56,0.8484848484848485,smote,logistic_regression,3,42,308212,154106,0.2921349999960512,0.04293750680517405
0.756840490834771,0.9808657356936441,0.7571428571428571,0.803030303030303,0.7794117647058824,0.7793610918511659,0.9012945212914065,0.895921847885986,0.99955873955251,0.024846834594114436,0.999962946825905,53,17,13,38509,70,1385.0,0.56,0.8484848484848485,smote,logistic_regression,4,42,308212,154106,0.265027999994345,0.04874999285675585
0.2559861872572935,0.854970461486671,0.35877862595419846,0.7121212121212122,0.47715736040609136,0.5043420686850955,0.8549704614866709,0.8429523011241241,0.9978197108521297,0.002668877775762444,1.0,47,84,19,38443,131,2320.0,0.39,0.5909090909090909,smote,decision_tree,0,42,308210,154105,14.559951207978884,0.03827099862974137
0.2830921044389499,0.8776977342139437,0.373134328358209,0.7575757575757576,0.5,0.5306125851318468,0.8776977342139436,0.8694389129621618,0.9978197108521297,0.002591143471614023,1.0,50,84,16,38443,134,2020.0,0.35,0.5303030303030303,smote,decision_tree,1,42,308210,154105,15.23384724999778,0.03616699541453272
0.25334569741764007,0.8570668693597888,0.35294117647058826,0.7164179104477612,0.4729064039408867,0.5016915169712394,0.8570668693597888,0.845447508075547,0.9977158282718165,0.002772523514627005,1.0,48,88,19,38438,136,2340.0,0.36,0.5373134328358209,smote,decision_tree,2,42,308212,154106,14.607572207984049,0.03587501123547554
0.339791206007002,0.9156284067902196,0.4074074074074074,0.8333333333333334,0.5472636815920398,0.5817408493524412,0.9156284067902196,0.9119226393756882,0.9979234802471059,0.002358001658374793,1.0,55,80,11,38446,135,1500.0,0.37,0.5606060606060606,smote,decision_tree,3,42,308212,154106,14.587234791019,0.03620798815973103
0.38870311226354104,0.9158490370139648,0.4661016949152542,0.8333333333333334,0.5978260869565217,0.622429187423362,0.9158490370139647,0.9121242334493128,0.9983647406945959,0.0019174958540630182,1.0,55,63,11,38463,118,1415.0,0.42,0.6363636363636364,smote,decision_tree,4,42,308212,154106,15.17415091599105,0.03679099609144032
0.8340438599023405,0.9772560132956738,0.9807692307692307,0.7727272727272727,0.864406779661017,0.8703682806683182,0.8863506584520419,0.8790376646963477,0.999974044176811,0.0005303060140439977,0.6,51,1,15,38526,52,1505.0,0.55,0.8333333333333334,smote,random_forest,0,42,308210,154105,24.648952791001648,2.954645504360087
0.8842804666747958,0.9561848007418645,0.95,0.8636363636363636,0.9047619047619048,0.9056372747546968,0.9317792480833984,0.9292841946671112,0.9999221325304332,0.0004545409789340036,0.38,57,3,9,38524,60,915.0,0.59,0.8939393939393939,smote,random_forest,1,42,308210,154105,24.249032666994026,2.6394169981358573
0.812381138515448,0.9621598827231232,0.8870967741935484,0.8208955223880597,0.8527131782945736,0.8531101847295042,0.9103569134548408,0.9059505336294146,0.9998183045216218,0.000611634234187547,0.64,55,7,12,38519,62,1235.0,0.57,0.8507462686567164,smote,random_forest,2,42,308212,154106,20.659059458004776,2.5471660192124546
0.8402157598177491,0.9725197387360602,0.8636363636363636,0.8636363636363636,0.8636363636363636,0.8634027551641631,0.9317013775820815,0.9292118223876178,0.9997663915277994,0.0005479425787728027,0.38,57,9,9,38517,66,945.0,0.57,0.8636363636363636,smote,random_forest,3,42,308212,154106,21.086841417010874,2.6256254932377487
0.8572280665837488,0.987829745830836,0.9122807017543859,0.7878787878787878,0.8455284552845529,0.8475623997322912,0.893874502697116,0.887567763617048,0.9998702175154441,0.000592975228026534,0.67,52,5,14,38521,57,1425.0,0.57,0.8636363636363636,smote,random_forest,4,42,308212,154106,21.442715334007517,2.67352101218421
0.8332713193215586,0.9769763982913202,1.0,0.7575757575757576,0.8620689655172413,0.8702076028975828,0.8787878787878788,0.8703882797784892,1.0,0.0006737121121473084,0.9902207851409912,50,0,16,38527,50,1600.0,0.55,0.8333333333333334,smote,xgboost,0,42,308210,154105,0.8776133329956792,0.07841699698474258
0.8728405121403235,0.9625901866538303,1.0,0.8181818181818182,0.9,0.9043931990790639,0.9090909090909092,0.9045340337332909,1.0,0.00044377623849122964,0.9555267095565796,54,0,12,38527,54,1200.0,0.58,0.8787878787878788,smote,xgboost,1,42,308210,154105,0.8923773330170661,0.060854508774355054
0.8180403559223227,0.9670100672466975,0.9298245614035088,0.7910447761194029,0.8548387096774194,0.8574082900513261,0.8954704750658791,0.8893608070486642,0.9998961740123553,0.000751253592106763,0.9917969703674316,53,4,14,38522,57,1420.0,0.58,0.8656716417910447,smote,xgboost,2,42,308212,154106,0.9054496249882504,0.06320849934127182
0.8783379026784556,0.979851465912827,0.9642857142857143,0.8181818181818182,0.8852459016393442,0.8880631828276956,0.909064952593998,0.9045105548937201,0.9999480870061777,0.0005337216383829739,0.989119291305542,54,2,12,38524,56,1210.0,0.59,0.8939393939393939,smote,xgboost,3,42,308212,154106,0.8872870410268661,0.06208299600984901
0.8529965481789591,0.973270314105075,0.9482758620689655,0.8333333333333334,0.8870967741935484,0.8887734134019291,0.9166277319212999,0.9128353860861527,0.9999221305092665,0.0007104730561037749,0.9836904406547546,55,3,11,38523,58,1115.0,0.55,0.8333333333333334,smote,xgboost,4,42,308212,154106,0.8568643750040792,0.06564598879776895
0.7557843536174202,0.9640472521828454,0.9433962264150944,0.7575757575757576,0.8403361344537815,0.8451663584499631,0.8787489450530954,0.8703543916523372,0.9999221325304332,0.021586835086052476,0.999999212675147,50,3,16,38524,53,1615.0,0.53,0.803030303030303,smote_tomek,logistic_regression,0,42,308210,154105,0.29378370798076503,0.0415834947489202
0.7804484351012853,0.9617712017782098,0.9433962264150944,0.7575757575757576,0.8403361344537815,0.8451663584499631,0.8787489450530954,0.8703543916523372,0.9999221325304332,0.02455290371287177,0.9999996215589808,50,3,16,38524,53,1615.0,0.57,0.8636363636363636,smote_tomek,logistic_regression,1,42,308210,154105,0.29117512502125464,0.041541512473486364
0.6890208410536114,0.9587731409918171,0.7846153846153846,0.7611940298507462,0.7727272727272727,0.7724269964179978,0.8804153194469948,0.8723058057951704,0.9996366090432435,0.024065131946262266,0.9999973303432329,51,14,16,38512,65,1670.0,0.56,0.835820895522388,smote_tomek,logistic_regression,2,42,308212,154106,0.31988858300610445,0.04191650077700615
0.6552248031239055,0.9777055321947083,0.8387096774193549,0.7878787878787878,0.8125,0.8125870294228303,0.8938096114548381,0.8875101588970958,0.9997404350308883,0.0250763273462306,0.9999984736436435,52,10,14,38516,62,1450.0,0.56,0.8484848484848485,smote_tomek,logistic_regression,3,42,308212,154106,0.28741729198372923,0.04162502591498196
0.756840490834771,0.9808657356936441,0.7571428571428571,0.803030303030303,0.7794117647058824,0.7793610918511659,0.9012945212914065,0.895921847885986,0.99955873955251,0.024846834594114436,0.999962946825905,53,17,13,38509,70,1385.0,0.56,0.8484848484848485,smote_tomek,logistic_regression,4,42,308212,154106,0.2680774170148652,0.0431249791290611
0.2559861872572935,0.854970461486671,0.35877862595419846,0.7121212121212122,0.47715736040609136,0.5043420686850955,0.8549704614866709,0.8429523011241241,0.9978197108521297,0.002668877775762444,1.0,47,84,19,38443,131,2320.0,0.39,0.5909090909090909,smote_tomek,decision_tree,0,42,308210,154105,13.572937040997203,0.03641648800112307
0.2830921044389499,0.8776977342139437,0.373134328358209,0.7575757575757576,0.5,0.5306125851318468,0.8776977342139436,0.8694389129621618,0.9978197108521297,0.002591143471614023,1.0,50,84,16,38443,134,2020.0,0.35,0.5303030303030303,smote_tomek,decision_tree,1,42,308210,154105,13.621518208005,0.036874989746138453
0.25334569741764007,0.8570668693597888,0.35294117647058826,0.7164179104477612,0.4729064039408867,0.5016915169712394,0.8570668693597888,0.845447508075547,0.9977158282718165,0.002772523514627005,1.0,48,88,19,38438,136,2340.0,0.36,0.5373134328358209,smote_tomek,decision_tree,2,42,308212,154106,15.05475949999527,0.038270503864623606
0.339791206007002,0.9156284067902196,0.4074074074074074,0.8333333333333334,0.5472636815920398,0.5817408493524412,0.9156284067902196,0.9119226393756882,0.9979234802471059,0.002358001658374793,1.0,55,80,11,38446,135,1500.0,0.37,0.5606060606060606,smote_tomek,decision_tree,3,42,308212,154106,14.734694416023558,0.03647951234597713
0.38870311226354104,0.9158490370139648,0.4661016949152542,0.8333333333333334,0.5978260869565217,0.622429187423362,0.9158490370139647,0.9121242334493128,0.9983647406945959,0.0019174958540630182,1.0,55,63,11,38463,118,1415.0,0.42,0.6363636363636364,smote_tomek,decision_tree,4,42,308212,154106,14.520151165983407,0.03820798883680254
0.8340438599023405,0.9772560132956738,0.9807692307692307,0.7727272727272727,0.864406779661017,0.8703682806683182,0.8863506584520419,0.8790376646963477,0.999974044176811,0.0005303060140439977,0.6,51,1,15,38526,52,1505.0,0.55,0.8333333333333334,smote_tomek,random_forest,0,42,308210,154105,20.622310624981765,2.597896018414758
0.8842804666747958,0.9561848007418645,0.95,0.8636363636363636,0.9047619047619048,0.9056372747546968,0.9317792480833984,0.9292841946671112,0.9999221325304332,0.0004545409789340036,0.38,57,3,9,38524,60,915.0,0.59,0.8939393939393939,smote_tomek,random_forest,1,42,308210,154105,21.908905916003278,2.59341650235001
0.812381138515448,0.9621598827231232,0.8870967741935484,0.8208955223880597,0.8527131782945736,0.8531101847295042,0.9103569134548408,0.9059505336294146,0.9998183045216218,0.000611634234187547,0.64,55,7,12,38519,62,1235.0,0.57,0.8507462686567164,smote_tomek,random_forest,2,42,308212,154106,20.10114524999517,2.6590409979689866
0.8402157598177491,0.9725197387360602,0.8636363636363636,0.8636363636363636,0.8636363636363636,0.8634027551641631,0.9317013775820815,0.9292118223876178,0.9997663915277994,0.0005479425787728027,0.38,57,9,9,38517,66,945.0,0.57,0.8636363636363636,smote_tomek,random_forest,3,42,308212,154106,22.060679583984893,2.756395493634045
0.8572280665837488,0.987829745830836,0.9122807017543859,0.7878787878787878,0.8455284552845529,0.8475623997322912,0.893874502697116,0.887567763617048,0.9998702175154441,0.000592975228026534,0.67,52,5,14,38521,57,1425.0,0.57,0.8636363636363636,smote_tomek,random_forest,4,42,308212,154106,26.251882166980067,2.5979995116358623
0.8332713193215586,0.9769763982913202,1.0,0.7575757575757576,0.8620689655172413,0.8702076028975828,0.8787878787878788,0.8703882797784892,1.0,0.0006737121121473084,0.9902207851409912,50,0,16,38527,50,1600.0,0.55,0.8333333333333334,smote_tomek,xgboost,0,42,308210,154105,0.9630603330151644,0.06297849176917225
0.8728405121403235,0.9625901866538303,1.0,0.8181818181818182,0.9,0.9043931990790639,0.9090909090909092,0.9045340337332909,1.0,0.00044377623849122964,0.9555267095565796,54,0,12,38527,54,1200.0,0.58,0.8787878787878788,smote_tomek,xgboost,1,42,308210,154105,1.0499942500027828,0.06983299681451172
0.8180403559223227,0.9670100672466975,0.9298245614035088,0.7910447761194029,0.8548387096774194,0.8574082900513261,0.8954704750658791,0.8893608070486642,0.9998961740123553,0.000751253592106763,0.9917969703674316,53,4,14,38522,57,1420.0,0.58,0.8656716417910447,smote_tomek,xgboost,2,42,308212,154106,1.0549351669906173,0.060646008932963014
0.8783379026784556,0.979851465912827,0.9642857142857143,0.8181818181818182,0.8852459016393442,0.8880631828276956,0.909064952593998,0.9045105548937201,0.9999480870061777,0.0005337216383829739,0.989119291305542,54,2,12,38524,56,1210.0,0.59,0.8939393939393939,smote_tomek,xgboost,3,42,308212,154106,1.145112041005632,0.06072899850551039
0.8529965481789591,0.973270314105075,0.9482758620689655,0.8333333333333334,0.8870967741935484,0.8887734134019291,0.9166277319212999,0.9128353860861527,0.9999221305092665,0.0007104730561037749,0.9836904406547546,55,3,11,38523,58,1115.0,0.55,0.8333333333333334,smote_tomek,xgboost,4,42,308212,154106,1.42363616701914,0.05997902189847082
0.7557843536174202,0.9640472521828454,0.9433962264150944,0.7575757575757576,0.8403361344537815,0.8451663584499631,0.8787489450530954,0.8703543916523372,0.9999221325304332,0.021586835086052504,0.999999212675147,50,3,16,38524,53,1615.0,0.53,0.803030303030303,smote_enn,logistic_regression,0,42,308210,154105,0.5587774579762481,0.08845797856338322
0.7804484351012853,0.9617712017782098,0.9433962264150944,0.7575757575757576,0.8403361344537815,0.8451663584499631,0.8787489450530954,0.8703543916523372,0.9999221325304332,0.02455290371287196,0.9999996215589808,50,3,16,38524,53,1615.0,0.57,0.8636363636363636,smote_enn,logistic_regression,1,42,308210,154105,0.632537166995462,0.08612498641014099
0.6890208410536114,0.9587731409918171,0.7846153846153846,0.7611940298507462,0.7727272727272727,0.7724269964179978,0.8804153194469948,0.8723058057951704,0.9996366090432435,0.02406513194626227,0.9999973303432329,51,14,16,38512,65,1670.0,0.56,0.835820895522388,smote_enn,logistic_regression,2,42,308212,154106,0.9854733330139425,0.41283351310994476
0.6552248031239055,0.9777055321947083,0.8387096774193549,0.7878787878787878,0.8125,0.8125870294228303,0.8938096114548381,0.8875101588970958,0.9997404350308883,0.025076327346230415,0.9999984736436435,52,10,14,38516,62,1450.0,0.56,0.8484848484848485,smote_enn,logistic_regression,3,42,308212,154106,0.8173578749992885,0.09520800085738301
0.756840490834771,0.9808657356936441,0.7571428571428571,0.803030303030303,0.7794117647058824,0.7793610918511659,0.9012945212914065,0.895921847885986,0.99955873955251,0.024846834594114454,0.999962946825905,53,17,13,38509,70,1385.0,0.56,0.8484848484848485,smote_enn,logistic_regression,4,42,308212,154106,0.680596374993911,0.0915415002964437
0.2559861872572935,0.854970461486671,0.35877862595419846,0.7121212121212122,0.47715736040609136,0.5043420686850955,0.8549704614866709,0.8429523011241241,0.9978197108521297,0.002668877775762444,1.0,47,84,19,38443,131,2320.0,0.39,0.5909090909090909,smote_enn,decision_tree,0,42,308210,154105,27.76830012499704,0.0390625064028427
0.2830921044389499,0.8776977342139437,0.373134328358209,0.7575757575757576,0.5,0.5306125851318468,0.8776977342139436,0.8694389129621618,0.9978197108521297,0.002591143471614023,1.0,50,84,16,38443,134,2020.0,0.35,0.5303030303030303,smote_enn,decision_tree,1,42,308210,154105,23.944667542004026,0.03760450636036694
0.25334569741764007,0.8570668693597888,0.35294117647058826,0.7164179104477612,0.4729064039408867,0.5016915169712394,0.8570668693597888,0.845447508075547,0.9977158282718165,0.002772523514627005,1.0,48,88,19,38438,136,2340.0,0.36,0.5373134328358209,smote_enn,decision_tree,2,42,308212,154106,26.72095087499474,0.0467295030830428
0.339791206007002,0.9156284067902196,0.4074074074074074,0.8333333333333334,0.5472636815920398,0.5817408493524412,0.9156284067902196,0.9119226393756882,0.9979234802471059,0.002358001658374793,1.0,55,80,11,38446,135,1500.0,0.37,0.5606060606060606,smote_enn,decision_tree,3,42,308212,154106,24.06716687500011,0.03683348768390715
0.38870311226354104,0.9158490370139648,0.4661016949152542,0.8333333333333334,0.5978260869565217,0.622429187423362,0.9158490370139647,0.9121242334493128,0.9983647406945959,0.0019174958540630182,1.0,55,63,11,38463,118,1415.0,0.42,0.6363636363636364,smote_enn,decision_tree,4,42,308212,154106,24.92658579099225,0.03691698657348752
0.8330094959312104,0.9918154603894475,1.0,0.7727272727272727,0.8717948717948718,0.8788779996265026,0.8863636363636364,0.8790490729915326,1.0,0.0005317648278185163,0.74,51,0,15,38527,51,1500.0,0.54,0.8181818181818182,smote_enn,random_forest,0,42,308210,154105,59.02119329199195,7.502395994379185
0.8798479637083358,0.9561114558778534,0.9655172413793104,0.8484848484848485,0.9032258064516129,0.9049621299461296,0.9242164684192353,0.9211084638843772,0.9999480883536221,0.00046803306299069775,0.39,56,2,10,38525,58,1010.0,0.59,0.8939393939393939,smote_enn,random_forest,1,42,308210,154105,56.89855370801524,3.384000505320728
0.8351119039742979,0.955360249058399,0.9152542372881356,0.8059701492537313,0.8571428571428571,0.8586483263869338,0.9029201833845877,0.89770014394857,0.9998702175154441,0.0005945845101443266,0.69,54,5,13,38521,59,1325.0,0.58,0.8656716417910447,smote_enn,random_forest,2,42,308212,154106,48.660892792016966,3.1419375009136274
0.8400606367329397,0.9720839842121574,0.8615384615384616,0.8484848484848485,0.8549618320610687,0.8547402516124611,0.9241256200063239,0.9210247744961634,0.9997663915277994,0.0005462116500829187,0.43,56,9,10,38517,65,1045.0,0.57,0.8636363636363636,smote_enn,random_forest,3,42,308212,154106,52.14598758297507,4.188916500424966
0.8607765544031909,0.9865968122275551,0.8983050847457628,0.803030303030303,0.848,0.8490909462294449,0.901437282024418,0.8960497976724406,0.999844261018533,0.0005820377280265341,0.61,53,6,13,38520,59,1330.0,0.57,0.8636363636363636,smote_enn,random_forest,4,42,308212,154106,55.36799474997679,7.3879169940482825
0.8421582664574465,0.9775120320971282,1.0,0.7575757575757576,0.8620689655172413,0.8702076028975828,0.8787878787878788,0.8703882797784892,1.0,0.0006344723820286732,0.9950395226478577,50,0,16,38527,50,1600.0,0.55,0.8333333333333334,smote_enn,xgboost,0,42,308210,154105,1.8004275410203263,0.1540409866720438
0.8768205181576606,0.9640295550306711,1.0,0.803030303030303,0.8907563025210085,0.8959684321258611,0.9015151515151515,0.8961195807649239,1.0,0.0004239984765753204,0.9728042483329773,53,0,13,38527,53,1300.0,0.57,0.8636363636363636,smote_enn,xgboost,1,42,308210,154105,1.8533045829972252,0.08877100481186062
0.8197512928272763,0.9747451033262282,0.9473684210526315,0.8059701492537313,0.8709677419354839,0.8736160663347253,0.9029461398814989,0.8977234478215785,0.9999221305092665,0.0006601159014353776,0.9906376600265503,54,3,13,38523,57,1315.0,0.57,0.8507462686567164,smote_enn,xgboost,2,42,308212,154106,1.9995407079986762,0.09987498924601823
0.8634637393524195,0.9790318698588438,0.9818181818181818,0.8181818181818182,0.8925619834710744,0.8961169208217288,0.9090779308424535,0.904522294389686,0.9999740435030888,0.0006274843137129057,0.9972749352455139,54,1,12,38525,55,1205.0,0.56,0.8484848484848485,smote_enn,xgboost,3,42,308212,154106,1.7734677079715766,0.19118750060442835
0.8567708414389573,0.9794145315481555,0.9642857142857143,0.8181818181818182,0.8852459016393442,0.8880631828276956,0.909064952593998,0.9045105548937201,0.9999480870061777,0.0006528833491152563,0.9899517893791199,54,2,12,38524,56,1210.0,0.55,0.8333333333333334,smote_enn,xgboost,4,42,308212,154106,2.268457166996086,0.15250052092596889
0.7341945615957973,0.9639617159473364,0.8771929824561403,0.7575757575757576,0.8130081300813008,0.8149026280723476,0.8786970334067175,0.8703092054315217,0.9998183092376774,0.07272611049482629,0.999999998970379,50,7,16,38520,57,1635.0,0.53,0.803030303030303,adasyn,logistic_regression,0,42,308209,154104,1.113168499985477,0.07764600741211325
0.7747711964066937,0.9613220873830316,0.8947368421052632,0.7727272727272727,0.8292682926829268,0.8312325169990121,0.8862857688940695,0.8789806209993982,0.9998442650608664,0.06698708718222031,0.9999999966112014,51,6,15,38521,57,1530.0,0.54,0.8181818181818182,adasyn,logistic_regression,1,42,308183,154078,1.3288965839892626,0.05120800051372498
0.6763102800903171,0.9549325479749671,0.8,0.7164179104477612,0.7559055118110236,0.7566584734680333,0.8580532162424135,0.8462829089946254,0.9996885220370659,0.06510871951456326,0.9999999999398428,48,12,19,38514,60,1960.0,0.55,0.8208955223880597,adasyn,logistic_regression,2,42,308182,154076,0.5561851249949541,0.05014600174035877
0.6584265171226195,0.9762710424601095,0.75,0.8181818181818182,0.782608695652174,0.7829630969444846,0.9088573006187085,0.9043227022323186,0.9995327830555988,0.07397390207005597,0.9999998766572301,54,18,12,38508,72,1290.0,0.54,0.8181818181818182,adasyn,logistic_regression,3,42,308212,154106,0.5625593329896219,0.04491650906857103
0.6973211142201313,0.9831131357178702,0.7464788732394366,0.803030303030303,0.7737226277372263,0.7738381876156347,0.9012815430429508,0.8959102151811082,0.9995327830555988,0.07641306452275992,0.9999999202368705,53,18,13,38508,71,1390.0,0.56,0.8484848484848485,adasyn,logistic_regression,4,42,308246,154140,0.7778134999971371,0.059145488194189966
0.3356250951571209,0.8779702703574275,0.4424778761061947,0.7575757575757576,0.5586592178770949,0.5780766770307618,0.8779702703574275,0.8696763518249525,0.9983647831390973,0.0020470033425750785,1.0,50,63,16,38464,113,1915.0,0.46,0.696969696969697,adasyn,decision_tree,0,42,308209,154104,31.864661166007863,0.036541998269967735
0.260559548449532,0.8399617033626948,0.3813559322033898,0.6818181818181818,0.4891304347826087,0.5088435086610575,0.8399617033626948,0.8249401734122662,0.9981052249072079,0.0024356748633171817,1.0,45,73,21,38454,118,2465.0,0.38,0.5757575757575758,adasyn,decision_tree,1,42,308183,154078,38.0657092090114,0.0466880010208115
0.2896919117221194,0.8721090467302174,0.3875968992248062,0.746268656716418,0.5102040816326531,0.5367752807516812,0.8721090467302175,0.8629822626391944,0.997949436744017,0.002487497732749462,1.0,50,79,17,38447,129,2095.0,0.41,0.6119402985074627,adasyn,decision_tree,2,42,308182,154076,20.76202104202821,0.04852100391872227
0.2559862000142706,0.8549704331903366,0.35877862595419846,0.7121212121212122,0.47715736040609136,0.5043420395433831,0.8549704331903367,0.8429522772195448,0.9978196542594612,0.0026689469320066335,1.0,47,84,19,38442,131,2320.0,0.42,0.6363636363636364,adasyn,decision_tree,3,42,308212,154106,20.97278858302161,0.04716648254543543
0.2704092410625271,0.8550612809295258,0.3790322580645161,0.7121212121212122,0.49473684210526314,0.5184675655265518,0.8550612809295257,0.8430290213711008,0.9980013497378394,0.0024875621890547263,1.0,47,77,19,38449,124,2285.0,0.43,0.6515151515151515,adasyn,decision_tree,4,42,308246,154140,22.07465241700993,0.04687499313149601
0.8286004704344869,0.9780980044691209,1.0,0.7727272727272727,0.8717948717948718,0.8788779996265026,0.8863636363636364,0.8790490729915326,1.0,0.0005357966470603476,0.65,51,0,15,38527,51,1500.0,0.54,0.8181818181818182,adasyn,random_forest,0,42,308209,154104,29.619741041999077,4.264916497049853
0.8727602230181136,0.964376615848311,0.9491525423728814,0.8484848484848485,0.896,0.8972443769590757,0.9242034905076408,0.9210965091219981,0.9999221325304332,0.0004759619620138368,0.42,56,3,10,38524,59,1015.0,0.57,0.8636363636363636,adasyn,random_forest,1,42,308183,154078,34.875845791975735,3.5563955025281757
0.820671835395376,0.9637432290347051,0.875,0.835820895522388,0.8549618320610687,0.8549403611729135,0.9178066217735493,0.9141374818168461,0.9997923480247106,0.0005911279247531936,0.57,56,8,11,38518,64,1140.0,0.57,0.8507462686567164,adasyn,random_forest,2,42,308182,154076,26.928116625000257,3.3595834975130856
0.8396426770887087,0.9731177213656579,0.9016393442622951,0.8333333333333334,0.8661417322834646,0.8665955461501154,0.9165887971759332,0.9127998416130326,0.999844261018533,0.0005526326699834162,0.51,55,6,11,38520,61,1130.0,0.57,0.8636363636363636,adasyn,random_forest,3,42,308212,154106,28.222163750004256,3.5964999842690304
0.8492865098796807,0.9869161557956138,0.9423076923076923,0.7424242424242424,0.8305084745762712,0.8361765653683969,0.8711731864667545,0.8616068884512105,0.9999221305092665,0.0005988546849087894,0.67,49,3,17,38523,52,1715.0,0.56,0.8484848484848485,adasyn,random_forest,4,42,308246,154140,29.82033183297608,3.5207915061619133
0.8323240549769328,0.9730645411207096,0.9433962264150944,0.7575757575757576,0.8403361344537815,0.8451663584499631,0.8787489450530954,0.8703543916523372,0.9999221325304332,0.0006712064781006607,0.9841760993003845,50,3,16,38524,53,1615.0,0.56,0.8484848484848485,adasyn,xgboost,0,42,308209,154104,1.1395031659922097,0.07977049972396344
0.8517799208713035,0.9625201845852298,0.9622641509433962,0.7727272727272727,0.8571428571428571,0.8621003830085957,0.8863376805404475,0.879026256253102,0.9999480883536221,0.0005309463301438459,0.9657319784164429,51,2,15,38525,53,1510.0,0.56,0.8484848484848485,adasyn,xgboost,1,42,308183,154078,1.0041277919954155,0.07829150126781315
0.8279743773177886,0.9648494794366431,0.9298245614035088,0.7910447761194029,0.8548387096774194,0.8574082900513261,0.8954704750658791,0.8893608070486642,0.9998961740123553,0.0007302330447263835,0.9866198301315308,53,4,14,38522,57,1420.0,0.58,0.8656716417910447,adasyn,xgboost,2,42,308182,154076,1.0509162500093225,0.07912451110314578
0.8583026521745152,0.975555272393771,0.9464285714285714,0.803030303030303,0.8688524590163934,0.8715883495598891,0.9014762167697847,0.896084689897982,0.9999221305092665,0.0006042047033411764,0.9866439700126648,53,3,13,38523,56,1315.0,0.57,0.8636363636363636,adasyn,xgboost,3,42,308212,154106,1.2129945830092765,0.08033349877223372
0.8540033434843736,0.978342842849929,0.9166666666666666,0.8333333333333334,0.873015873015873,0.8738032164945324,0.9166017754243887,0.9128116899245267,0.9998702175154441,0.0007733940011727032,0.9523143768310547,55,5,11,38521,60,1125.0,0.57,0.8636363636363636,adasyn,xgboost,4,42,308246,154140,1.1376881659962237,0.07999948866199702
0.7550462320701831,0.9620537663079257,0.9433962264150944,0.7575757575757576,0.8403361344537815,0.8451663584499631,0.8787489450530954,0.8703543916523372,0.9999221325304332,0.023023797365411422,0.9999994432111974,50,3,16,38524,53,1615.0,0.53,0.803030303030303,soa_s,logistic_regression,0,42,308210,154105,0.32606699998723343,0.05756250175181776
0.7734955569520179,0.9620622216139646,0.9090909090909091,0.7575757575757576,0.8264462809917356,0.8296220710596415,0.8787229892299064,0.8703317988351789,0.9998702208840553,0.024167880675264108,0.99999911414074,50,5,16,38522,55,1625.0,0.57,0.8636363636363636,soa_s,logistic_regression,1,42,308210,154105,0.3988254170108121,0.05575000250246376
0.6833351474331724,0.9579456323738729,0.7727272727272727,0.7611940298507462,0.7669172932330827,0.7665367377482646,0.8804023411985393,0.8722944806047306,0.9996106525463323,0.02432882399297086,0.9999969967631965,51,15,16,38511,66,1675.0,0.56,0.835820895522388,soa_s,logistic_regression,2,42,308212,154106,0.3888624579994939,0.054042000556364655
0.6491663834351903,0.9756758127923055,0.803030303030303,0.803030303030303,0.803030303030303,0.8026928685704577,0.9013464342852289,0.8959683771951779,0.9996625655401546,0.024886889435083267,0.9999968396912502,53,13,13,38513,66,1365.0,0.56,0.8484848484848485,soa_s,logistic_regression,3,42,308212,154106,0.2819182919920422,0.05324999801814556
0.7468676159449512,0.9795828554978221,0.7536231884057971,0.7878787878787878,0.7703703703703704,0.7701590810558321,0.893718763715649,0.8874295060072549,0.99955873955251,0.0244664092448316,0.9999733677992727,52,17,14,38509,69,1485.0,0.55,0.8333333333333334,soa_s,logistic_regression,4,42,308212,154106,0.30260654201265424,0.05329199484549463
0.2842404062218101,0.8476153284080193,0.40707964601769914,0.696969696969697,0.5139664804469274,0.5316511103929895,0.8476153284080192,0.8341208777394219,0.9982609598463416,0.0022542948203042004,1.0,46,67,20,38460,113,2335.0,0.41,0.6212121212121212,soa_s,decision_tree,0,42,308210,154105,19.574184124998283,0.0466250057797879
0.354421946308616,0.8780481378269942,0.4672897196261682,0.7575757575757576,0.5780346820809249,0.5941394453559288,0.8780481378269942,0.8697441795942377,0.9985205180782308,0.001891534734278237,1.0,50,57,16,38470,107,1885.0,0.45,0.6818181818181818,soa_s,decision_tree,1,42,308210,154105,20.818589250004152,0.06831249629613012
0.3131110418186297,0.8574043038196341,0.43636363636363634,0.7164179104477612,0.5423728813559322,0.5581787928700456,0.8574043038196342,0.84573339598979,0.9983906971915071,0.002098826212007359,1.0,48,62,19,38464,110,2210.0,0.42,0.6268656716417911,soa_s,decision_tree,2,42,308212,154106,17.05172087502433,0.04689549678005278
0.2917898850734672,0.8777496189114318,0.38461538461538464,0.7575757575757576,0.5102040816326531,0.5387600078145586,0.8777496189114318,0.8694841209308183,0.9979234802471059,0.0024875621890547263,1.0,50,80,16,38446,130,2000.0,0.39,0.5909090909090909,soa_s,decision_tree,3,42,308212,154106,20.37415079100174,0.047250010538846254
0.38222947761194026,0.9158230805170535,0.4583333333333333,0.8333333333333334,0.5913978494623656,0.6171979998480247,0.9158230805170534,0.9121005188121051,0.9983128277007735,0.001969320066334992,1.0,55,65,11,38461,120,1425.0,0.43,0.6515151515151515,soa_s,decision_tree,4,42,308212,154106,18.471117707988014,0.04662499122787267
0.8275867185605761,0.9842170897859117,1.0,0.7727272727272727,0.8717948717948718,0.8788779996265026,0.8863636363636364,0.8790490729915326,1.0,0.000553867281631384,0.68,51,0,15,38527,51,1500.0,0.54,0.8181818181818182,soa_s,random_forest,0,42,308210,154105,27.996602624974912,3.553854490746744
0.8842808398030002,0.9631216911241309,0.9333333333333333,0.8484848484848485,0.8888888888888888,0.8897202482739052,0.9241905125960463,0.9210845542044582,0.9998961767072443,0.00044924986396496775,0.43,56,4,10,38523,60,1020.0,0.59,0.8939393939393939,soa_s,random_forest,1,42,308210,154105,26.29505854198942,3.409437500522472
0.8219119938932704,0.9710590870596403,0.9298245614035088,0.7910447761194029,0.8548387096774194,0.8574082900513261,0.8954704750658791,0.8893608070486642,0.9998961740123553,0.0005571554426968621,0.59,53,4,14,38522,57,1420.0,0.58,0.8656716417910447,soa_s,random_forest,2,42,308212,154106,24.651930332998745,3.607562495744787
0.8229060328722868,0.9623577701953344,0.9152542372881356,0.8181818181818182,0.864,0.86514208838837,0.9090260178486311,0.9044753354915965,0.9998702175154441,0.0005329627902155887,0.55,54,5,12,38521,59,1225.0,0.57,0.8636363636363636,soa_s,random_forest,3,42,308212,154106,24.894953750015702,3.4861045132856816
0.8630434319393983,0.9856688674629805,0.9285714285714286,0.7878787878787878,0.8524590163934426,0.8551135162920825,0.8938874809455716,0.8875792841124065,0.9998961740123553,0.0005639433043117745,0.72,52,4,14,38522,56,1420.0,0.58,0.8787878787878788,soa_s,random_forest,4,42,308212,154106,25.820570540992776,3.5756660072365776
0.8191599108971516,0.9775120320971283,1.0,0.7121212121212122,0.831858407079646,0.8436647409225158,0.8560606060606061,0.8438727464026861,1.0,0.0006607363296844303,0.9972251653671265,47,0,19,38527,47,1900.0,0.54,0.8181818181818182,soa_s,xgboost,0,42,308210,154105,1.3441766249889042,0.0836870021885261
0.8802426530361595,0.9724085666801165,1.0,0.803030303030303,0.8907563025210085,0.8959684321258611,0.9015151515151515,0.8961195807649239,1.0,0.0003996300001561806,0.9818553924560547,53,0,13,38527,53,1300.0,0.57,0.8636363636363636,soa_s,xgboost,1,42,308210,154105,1.7190527089987881,0.07814598211552948
0.8235517295565754,0.9717521642682089,0.9464285714285714,0.7910447761194029,0.8617886178861789,0.8650470110409942,0.8954834533143348,0.8893723505177902,0.9999221305092665,0.0006753421293894583,0.9935051202774048,53,3,14,38523,56,1415.0,0.57,0.8507462686567164,soa_s,xgboost,2,42,308212,154106,1.0988666670164093,0.07979149813763797
0.8555829613308783,0.9791050199865026,1.0,0.803030303030303,0.8907563025210085,0.8959684282035645,0.9015151515151515,0.8961195807649239,1.0,0.0005631119301715359,0.9974330067634583,53,0,13,38526,53,1300.0,0.55,0.8333333333333334,soa_s,xgboost,3,42,308212,154106,1.0251330839819275,0.07968749559950083
0.8638011530548511,0.9733729602519512,0.9473684210526315,0.8181818181818182,0.8780487804878049,0.8802221789363824,0.9090519743455423,0.9044988152453871,0.9999221305092665,0.00061578283263565,0.97369384765625,54,3,12,38523,57,1215.0,0.56,0.8484848484848485,soa_s,xgboost,4,42,308212,154106,0.9723135829844978,0.08337500912602991
0.7511398366658706,0.9697659885904494,0.8928571428571429,0.7575757575757576,0.819672131147541,0.822163856913171,0.878710011318312,0.8703205022066655,0.9998442650608664,0.020627581095955673,0.9999953802845003,50,6,16,38521,56,1630.0,0.53,0.803030303030303,class_weight_balanced,logistic_regression,0,42,154370,265,0.18347604101290926,0.05358349881134927
0.7787164420677943,0.9600069923414591,0.9433962264150944,0.7575757575757576,0.8403361344537815,0.8451663584499631,0.8787489450530954,0.8703543916523372,0.9999221325304332,0.023332620903531148,0.9999989178372444,50,3,16,38524,53,1615.0,0.56,0.8484848484848485,class_weight_balanced,logistic_regression,1,42,154370,265,0.3460952079913113,0.053187497542239726
0.6797122034541561,0.9630919921495156,0.796875,0.7611940298507462,0.7786259541984732,0.7784546469165984,0.8804282976954505,0.8723171308385764,0.9996625655401546,0.02298705631095291,0.9999972401902055,51,13,16,38513,64,1665.0,0.56,0.835820895522388,class_weight_balanced,logistic_regression,2,42,154370,264,0.20205900000291876,0.055562995839864016
0.6812015245469107,0.9773220839448842,0.803030303030303,0.803030303030303,0.803030303030303,0.8026928685704577,0.9013464342852289,0.8959683771951779,0.9996625655401546,0.023854589653059016,0.9999790525431919,53,13,13,38513,66,1365.0,0.56,0.8484848484848485,class_weight_balanced,logistic_regression,3,42,154371,265,0.23687420898932032,0.052938004955649376
0.7486708065312635,0.982505517721995,0.7571428571428571,0.803030303030303,0.7794117647058824,0.7793610918511659,0.9012945212914065,0.895921847885986,0.99955873955251,0.023555792485423246,0.9998227515186559,53,17,13,38509,70,1385.0,0.56,0.8484848484848485,class_weight_balanced,logistic_regression,4,42,154371,265,0.18235620800987817,0.05299999611452222
0.41156224378438644,0.8027837227100081,0.6779661016949152,0.6060606060606061,0.64,0.6404261132108657,0.8027837227100082,0.778306957969595,0.9995068393594103,0.0011660145622263104,1.0,40,19,26,38508,59,2695.0,0.4,0.6060606060606061,class_weight_balanced,decision_tree,0,42,154370,265,3.9430190000275616,0.04629199975170195
0.6054353241774562,0.8483940031036872,0.8679245283018868,0.696969696969697,0.773109243697479,0.7774302602154324,0.8483940031036872,0.8347712644875475,0.9998183092376774,0.0006996087373357863,1.0,46,7,20,38520,53,2035.0,0.46,0.696969696969697,class_weight_balanced,decision_tree,1,42,154370,265,4.26740312500624,0.048270507249981165
0.5977300874169303,0.8655288810580334,0.8166666666666667,0.7313432835820896,0.7716535433070866,0.7724564746336362,0.8655288810580333,0.8550640147822823,0.9997144785339771,0.0007514316067680668,1.0,49,11,18,38515,60,1855.0,0.49,0.7313432835820896,class_weight_balanced,decision_tree,2,42,154370,264,5.87278974999208,0.046208486310206354
0.5014652118196895,0.8482512400126478,0.71875,0.696969696969697,0.7076923076923077,0.7072832537238773,0.8482512400126478,0.8346520597935038,0.9995327830555988,0.000984660033167496,1.0,46,18,20,38508,64,2090.0,0.46,0.696969696969697,class_weight_balanced,decision_tree,3,42,154371,265,5.078493417007849,0.046499990276061
0.5329439641473223,0.8860651366491578,0.6891891891891891,0.7727272727272727,0.7285714285714285,0.7292757692453097,0.8860651366491579,0.8787866379199873,0.9994030005710429,0.000984660033167496,1.0,51,23,15,38503,74,1615.0,0.51,0.7727272727272727,class_weight_balanced,decision_tree,4,42,154371,265,4.145968791010091,0.04791600804310292
0.8250163503538054,0.943740753237989,0.9454545454545454,0.7878787878787878,0.859504132231405,0.8628694979694397,0.8939004602046106,0.8875908053552889,0.9999221325304332,0.00044458839685953416,0.49,52,3,14,38524,55,1415.0,0.54,0.8181818181818182,class_weight_balanced,random_forest,0,42,154370,265,9.258937209000578,3.446187503868714
0.8872983550451885,0.9447473279266567,0.9824561403508771,0.8484848484848485,0.9105691056910569,0.9128819616323348,0.9242294463308298,0.9211204184916013,0.999974044176811,0.00035184878086699664,0.41,56,1,10,38526,57,1005.0,0.59,0.8939393939393939,class_weight_balanced,random_forest,1,42,154370,265,8.185894000023836,3.454978999798186
0.8165738554341244,0.9452492249854914,0.9298245614035088,0.7910447761194029,0.8548387096774194,0.8574082900513261,0.8954704750658791,0.8893608070486642,0.9998961740123553,0.0004836421112637006,0.67,53,4,14,38522,57,1420.0,0.58,0.8656716417910447,class_weight_balanced,random_forest,2,42,154370,264,8.43784116601455,3.471791511401534
0.8424208678503404,0.967595476647805,0.8507462686567164,0.8636363636363636,0.8571428571428571,0.8569205870678556,0.931688399333626,0.9291997599495561,0.9997404350308883,0.00043782908374792704,0.26,57,10,9,38516,67,950.0,0.58,0.8787878787878788,class_weight_balanced,random_forest,3,42,154371,265,7.0081654169771355,3.5821670026052743
0.8684587489807033,0.9677909369351512,0.9310344827586207,0.8181818181818182,0.8709677419354839,0.8725847007332163,0.9090389960970868,0.9044870754446813,0.9998961740123553,0.00042173766583747927,0.46,54,4,12,38522,58,1220.0,0.58,0.8787878787878788,class_weight_balanced,random_forest,4,42,154371,265,5.437196875020163,3.4062705090036616
0.7273435511519462,0.9877250586169007,0.9074074074074074,0.7424242424242424,0.8166666666666667,0.8205096341811945,0.8711472316541489,0.8615845235740975,0.9998702208840553,0.018110532998212112,0.93,49,5,17,38522,54,1725.0,0.53,0.803030303030303,balanced_random_forest,random_forest,0,42,154370,265,0.9534342919941992,3.355499997269362
0.8254930142458974,0.9625453538683221,0.8405797101449275,0.8787878787878788,0.8592592592592593,0.859225715913342,0.9392511823664003,0.9373030313068728,0.9997144859449217,0.018848311870028243,0.83,58,11,8,38516,69,855.0,0.59,0.8939393939393939,balanced_random_forest,random_forest,1,42,154370,265,0.9423112499935087,3.3336045016767457
0.7182559038950083,0.9788654066530763,0.8571428571428571,0.8059701492537313,0.8307692307692308,0.830878730995737,0.9028682703907653,0.8976535343875859,0.9997663915277994,0.018874210349027025,0.92,54,9,13,38517,63,1345.0,0.57,0.8507462686567164,balanced_random_forest,random_forest,2,42,154370,264,0.9459580410039052,3.473021002719179
0.6821064377607589,0.9743925393162272,0.803030303030303,0.803030303030303,0.803030303030303,0.8026928685704577,0.9013464342852289,0.8959683771951779,0.9996625655401546,0.020291866189883913,0.91,53,13,13,38513,66,1365.0,0.56,0.8484848484848485,balanced_random_forest,random_forest,3,42,154371,265,0.9087267499999143,3.3225830120500177
0.7724892608396663,0.9837622447807778,0.8153846153846154,0.803030303030303,0.8091603053435115,0.8088595196181637,0.9013594125336845,0.8959800091449255,0.9996885220370659,0.019896729892205638,0.9,53,12,13,38514,65,1360.0,0.58,0.8787878787878788,balanced_random_forest,random_forest,4,42,154371,265,0.9366889579978306,3.333416490931995
0.1124125171774951,0.9612544449347211,0.14016172506738545,0.7878787878787878,0.2379862700228833,0.33012781086726095,0.8897994401407592,0.8839429983416933,0.9917200924027305,0.039864366384912676,0.8807970779778823,52,319,14,38208,371,2995.0,0.11,0.16666666666666666,rusboost,adaboost,0,42,154370,265,0.0692047500051558,0.17687500803731382
0.07887862542761434,0.9603725368513698,0.0941385435168739,0.803030303030303,0.1685214626391097,0.27217635432614395,0.8948964166019737,0.890168643361633,0.9867625301736445,0.05689152289534255,0.8807970779778823,53,510,13,38017,563,3850.0,0.11,0.16666666666666666,rusboost,adaboost,1,42,154370,265,0.06665095800417475,0.1773959957063198
0.13310285995583865,0.9067489603841872,0.16176470588235295,0.8208955223880597,0.2702702702702703,0.36240868763087175,0.9067489603841872,0.9026753925648185,0.9926023983803146,0.020070333802526832,0.8807970779778823,55,285,12,38241,340,2625.0,0.19,0.2835820895522388,rusboost,adaboost,2,42,154370,264,0.04673045899835415,0.12216699542477727
0.12262471471228811,0.9523358094258266,0.1421188630490956,0.8333333333333334,0.24282560706401765,0.3420090875319232,0.9123578881794113,0.9089290598581247,0.9913824430254893,0.04021069662268929,0.8669969654675873,55,332,11,38194,387,2760.0,0.16,0.24242424242424243,rusboost,adaboost,3,42,154371,265,0.13064066600054502,0.3367709869053215
0.04119415631559906,0.93104538611469,0.045878693623639194,0.8939393939393939,0.08727810650887574,0.19846873296145684,0.9310453861146899,0.9303056789841385,0.968151378289986,0.03856172023307553,0.8807970779778823,59,1227,7,37299,1286,6835.0,0.06,0.09090909090909091,rusboost,adaboost,4,42,154371,265,0.048387749993707985,0.12010450882371515
0.7069466229832143,0.9793663003749437,0.78125,0.7575757575757576,0.7692307692307693,0.7689328449121541,0.8786061880255562,0.870230123899383,0.9996366184753549,0.15563448263044619,0.654589959454037,50,14,16,38513,64,1670.0,0.52,0.7878787878787878,easy_ensemble,adaboost,0,42,154370,265,2.9100064160011243,29.45464602089487
0.7369095494007629,0.9644603823686027,0.7931034482758621,0.696969696969697,0.7419354838709677,0.7430750100089327,0.8483291135457149,0.8347170849473646,0.9996885301217329,0.14890747500659202,0.6641875973571061,46,12,20,38515,58,2060.0,0.56,0.8484848484848485,easy_ensemble,adaboost,1,42,154370,265,0.4392846249975264,28.259916973183863
0.6915120860221384,0.972994008310728,0.7727272727272727,0.7611940298507462,0.7669172932330827,0.7665367377482646,0.8804023411985393,0.8722944806047306,0.9996106525463323,0.14939276373585225,0.6698122376403681,51,15,16,38511,66,1675.0,0.56,0.835820895522388,easy_ensemble,adaboost,2,42,154370,264,0.4209735830081627,28.59618749062065
0.7237196049022082,0.9765856666650936,0.8064516129032258,0.7575757575757576,0.78125,0.7812698237421907,0.8786321398064117,0.8702527158371984,0.9996885220370659,0.1545816938771327,0.689707594457981,50,12,16,38514,62,1660.0,0.51,0.7727272727272727,easy_ensemble,adaboost,3,42,154371,265,0.40737512498162687,27.910541495657526
0.7083846560150941,0.9801338411368001,0.7611940298507462,0.7727272727272727,0.7669172932330827,0.7665367273075397,0.8861559843883469,0.8788665177592039,0.9995846960494211,0.15601111792073458,0.6766840334954657,51,16,15,38510,67,1580.0,0.54,0.8181818181818182,easy_ensemble,adaboost,4,42,154371,265,0.4191561250190716,28.972166997846216
0.8419433405761191,0.9807887581397068,0.9454545454545454,0.7878787878787878,0.859504132231405,0.8628694979694397,0.8939004602046106,0.8875908053552889,0.9999221325304332,0.0004426054554691921,0.8006960153579712,52,3,14,38524,55,1415.0,0.54,0.8181818181818182,xgb_scale_pos_weight,xgboost,0,42,154370,265,0.5413321249943692,0.07856200681999326
0.8842689206071457,0.9570537309136213,0.9827586206896551,0.8636363636363636,0.9193548387096774,0.9211508419398493,0.9318052039065874,0.9293083165686238,0.999974044176811,0.00027988786614806184,0.3874223530292511,57,1,9,38526,58,905.0,0.58,0.8787878787878788,xgb_scale_pos_weight,xgboost,1,42,154370,265,0.5572105000028387,0.07931250729598105
0.8220511185389333,0.9738098946166225,0.9454545454545454,0.7761194029850746,0.8524590163934426,0.8563935658284875,0.8880207667471706,0.8809420905839475,0.9999221305092665,0.0005735408951785038,0.9983090162277222,52,3,15,38523,55,1515.0,0.58,0.8656716417910447,xgb_scale_pos_weight,xgboost,2,42,154370,264,0.5486024580022786,0.07918800110928714
0.8670104950034365,0.9717152839719418,0.9473684210526315,0.8181818181818182,0.8780487804878049,0.8802221789363824,0.9090519743455423,0.9044988152453871,0.9999221305092665,0.0003977609705278791,0.8792101144790649,54,3,12,38523,57,1215.0,0.57,0.8636363636363636,xgb_scale_pos_weight,xgboost,3,42,154371,265,0.5547195840044878,0.07956250919960439
0.8809031595740584,0.9864518884531344,0.9821428571428571,0.8333333333333334,0.9016393442622951,0.9045380160955021,0.916653688418211,0.9128590816326695,0.9999740435030888,0.0003640779624687466,0.9889692068099976,55,1,11,38525,56,1105.0,0.57,0.8636363636363636,xgb_scale_pos_weight,xgboost,4,42,154371,265,0.5672240830026567,0.07962500967551023
0.01754925878577752,0.8764349440887973,0.021069059695669138,0.8181818181818182,0.04108025865348041,0.12496170322035267,0.8765293289003934,0.8745851773358154,0.9348768396189685,0.0653485061734663,1.0,54,2509,12,36018,2563,13745.0,0.0,0.0,lgbm_is_unbalance,lightgbm,0,42,154370,265,0.5481928749941289,0.2505629963707179
0.00933425723542362,0.8834172571616442,0.009959183673469388,0.9242424242424242,0.019706024874818286,0.08671257488496775,0.8834231562123689,0.8824796089937229,0.8426038881823137,0.15725649729225508,1.0,61,6064,5,32463,6125,30820.0,0.0,0.0,lgbm_is_unbalance,lightgbm,1,42,154370,265,0.5903594169940334,0.24935400870162994
0.04891077976916988,0.8990559583332365,0.059203444564047365,0.8208955223880597,0.11044176706827309,0.2168004604316926,0.8991047720438456,0.8956967703303917,0.9773140216996314,0.022983510779633332,1.0,55,874,12,37652,929,5570.0,0.08,0.11940298507462686,lgbm_is_unbalance,lightgbm,2,42,154370,264,1.1058270419889595,0.2524584997445345
0.02893086650082919,0.8954320891519147,0.034375,0.8333333333333334,0.06602641056422569,0.16441235874340024,0.8966152728027825,0.894379306312592,0.9598972122722318,0.04039274010262781,1.0,55,1545,11,36981,1600,8825.0,0.05,0.07575757575757576,lgbm_is_unbalance,lightgbm,3,42,154371,265,1.24557366699446,0.25447949883528054
0.014080377134797466,0.892437849921108,0.015786608600979857,0.8787878787878788,0.031016042780748664,0.11050581943108766,0.8924645929785315,0.8923597913449952,0.9061413071691844,0.09390547263715811,1.0,58,3616,8,34910,3674,18880.0,0.01,0.015151515151515152,lgbm_is_unbalance,lightgbm,4,42,154371,265,0.6219609580002725,0.25279150577262044
0.8403957098955475,0.985710532794396,0.9285714285714286,0.7878787878787878,0.8524590163934426,0.8551135220971265,0.8938874822930161,0.8875792853084945,0.9998961767072443,0.0005336978444581138,0.30090251564979553,52,4,14,38523,56,1420.0,0.55,0.8333333333333334,xgb_focal_loss,xgboost,0,42,154370,265,1.5687662090058438,0.07929198909550905
0.8928278578164053,0.9722882260453315,0.9508196721311475,0.8787878787878788,0.9133858267716536,0.913954226098387,0.939355005659156,0.9374003679322254,0.9999221325304332,0.0004028001100066911,0.2104150354862213,58,3,8,38524,61,815.0,0.59,0.8939393939393939,xgb_focal_loss,xgboost,1,42,154370,265,1.7694107499846723,0.07902098877821118
0.802049977229385,0.969478646326071,0.8983050847457628,0.7910447761194029,0.8412698412698413,0.8427172131112439,0.8954445185689679,0.8893377196609145,0.999844261018533,0.000563942223357705,0.635631799697876,53,6,14,38520,59,1430.0,0.57,0.8507462686567164,xgb_focal_loss,xgboost,2,42,154370,264,1.579916333022993,0.08216699643526226
0.8655711267483653,0.979392901134063,0.9166666666666666,0.8333333333333334,0.873015873015873,0.8738032164945324,0.9166017754243887,0.9128116899245267,0.9998702175154441,0.00046276135044955193,0.2690584063529968,55,5,11,38521,60,1125.0,0.58,0.8787878787878788,xgb_focal_loss,xgboost,3,42,154371,265,1.6167141250043642,0.07866648957133293
0.879370047244413,0.9843627837320409,0.9661016949152542,0.8636363636363636,0.912,0.9132955148651454,0.9317922253212707,0.9292962550700146,0.9999480870061777,0.00040619407502487473,0.3378758728504181,57,2,9,38524,59,910.0,0.58,0.8787878787878788,xgb_focal_loss,xgboost,4,42,154371,265,1.5855112920107786,0.07927100523374975
